13,2,0.49,0.39,0.14,0.707,0.2795,0.2185,0.18
13,2,0.63,0.515,0.155,1.259,0.4105,0.197,0.41
10,2,0.695,0.55,0.205,2.173,1.133,0.4665,0.496
10,2,0.6,0.49,0.21,1.9875,1.005,0.419,0.491
12,0,0.64,0.51,0.2,1.3905,0.61,0.3315,0.41
16,2,0.72,0.575,0.23,2.2695,0.8835,0.3985,0.665
9,2,0.625,0.47,0.15,1.124,0.556,0.2315,0.287
7,0,0.495,0.38,0.12,0.573,0.2655,0.1285,0.144
9,2,0.55,0.43,0.15,0.8745,0.413,0.1905,0.248
7,1,0.415,0.325,0.1,0.313,0.139,0.0625,0.0965
9,0,0.525,0.42,0.16,0.756,0.2745,0.173,0.275
13,0,0.39,0.3,0.1,0.265,0.1075,0.06,0.0865
9,2,0.605,0.455,0.16,1.1035,0.421,0.3015,0.325
11,0,0.71,0.565,0.195,1.817,0.785,0.492,0.49
7,2,0.35,0.265,0.11,0.2965,0.1365,0.063,0.085
8,1,0.48,0.355,0.11,0.4495,0.201,0.089,0.14
18,0,0.565,0.455,0.15,0.8205,0.365,0.159,0.26
9,1,0.295,0.225,0.08,0.124,0.0485,0.032,0.04
8,0,0.545,0.44,0.15,0.9475,0.366,0.239,0.275
11,0,0.625,0.505,0.175,1.15,0.5475,0.256,0.3045
9,2,0.345,0.27,0.095,0.197,0.0665,0.05,0.07
9,2,0.49,0.395,0.12,0.674,0.3325,0.1235,0.185
23,0,0.45,0.38,0.165,0.8165,0.25,0.1915,0.265
9,2,0.59,0.47,0.155,1.1735,0.6245,0.233,0.2595
8,1,0.45,0.34,0.105,0.4385,0.21,0.0925,0.12
8,1,0.475,0.36,0.11,0.492,0.211,0.11,0.15
10,0,0.615,0.455,0.145,1.1155,0.5045,0.238,0.315
11,2,0.695,0.53,0.19,1.726,0.7625,0.436,0.455
10,0,0.525,0.425,0.14,0.8735,0.4205,0.182,0.2225
10,0,0.58,0.46,0.185,1.017,0.3515,0.2,0.32
13,1,0.575,0.475,0.17,0.967,0.3775,0.284,0.275
11,2,0.69,0.55,0.195,1.777,0.769,0.38,0.4305
6,1,0.38,0.275,0.095,0.2505,0.0945,0.0655,0.075
18,0,0.6,0.475,0.18,1.162,0.511,0.2675,0.32
9,0,0.515,0.39,0.13,0.5755,0.1975,0.13,0.1845
10,1,0.57,0.44,0.13,0.7665,0.347,0.1785,0.202
7,1,0.395,0.29,0.095,0.319,0.138,0.08,0.082
10,2,0.62,0.475,0.195,1.3585,0.5935,0.3365,0.3745
9,1,0.55,0.425,0.135,0.7305,0.3325,0.1545,0.215
8,0,0.55,0.44,0.135,0.8435,0.434,0.1995,0.185
9,0,0.62,0.475,0.15,0.9545,0.455,0.1865,0.277
8,0,0.62,0.435,0.155,1.012,0.477,0.236,0.275
15,2,0.64,0.49,0.14,1.194,0.4445,0.238,0.375
11,0,0.49,0.385,0.125,0.5395,0.2175,0.128,0.165
20,0,0.675,0.545,0.195,1.7345,0.6845,0.3695,0.605
11,0,0.625,0.49,0.175,1.233,0.5565,0.247,0.365
9,2,0.44,0.355,0.125,0.4775,0.132,0.0815,0.19
10,2,0.6,0.475,0.17,1.1315,0.508,0.272,0.309
14,2,0.57,0.45,0.155,0.91,0.326,0.1895,0.355
9,2,0.645,0.5,0.16,1.3815,0.672,0.326,0.315
11,1,0.54,0.425,0.13,0.8155,0.3675,0.1365,0.246
17,2,0.53,0.415,0.175,0.7395,0.261,0.1395,0.2645
19,2,0.69,0.55,0.2,1.8465,0.732,0.472,0.57
16,2,0.475,0.365,0.14,0.6175,0.202,0.1445,0.19
5,1,0.2,0.145,0.025,0.0345,0.011,0.0075,0.01
6,1,0.415,0.33,0.09,0.3595,0.17,0.081,0.09
9,2,0.6,0.475,0.155,1.1385,0.502,0.2295,0.31
9,2,0.555,0.455,0.135,0.837,0.382,0.171,0.235
15,2,0.695,0.56,0.19,1.494,0.588,0.3425,0.485
6,1,0.26,0.2,0.07,0.092,0.037,0.02,0.03
9,1,0.475,0.35,0.125,0.4225,0.1905,0.079,0.1355
11,2,0.65,0.525,0.19,1.3685,0.5975,0.296,0.4
12,0,0.505,0.375,0.18,0.568,0.2325,0.1495,0.17
16,0,0.465,0.375,0.135,0.6,0.2225,0.129,0.23
10,0,0.615,0.475,0.155,1.115,0.484,0.2115,0.355
8,0,0.44,0.33,0.115,0.4005,0.143,0.113,0.12
10,2,0.585,0.46,0.165,1.1135,0.5825,0.2345,0.274
9,1,0.47,0.345,0.14,0.4615,0.229,0.1105,0.116
9,0,0.55,0.415,0.135,0.7635,0.318,0.21,0.2
8,0,0.46,0.35,0.115,0.44,0.19,0.1025,0.13
10,2,0.37,0.29,0.09,0.241,0.11,0.045,0.069
10,2,0.615,0.47,0.165,1.128,0.4465,0.2195,0.34
13,0,0.605,0.45,0.195,1.098,0.481,0.2895,0.315
8,1,0.495,0.375,0.12,0.589,0.3075,0.1215,0.1405
11,2,0.645,0.5,0.18,1.461,0.5985,0.2425,0.439
10,2,0.675,0.515,0.145,1.265,0.6025,0.299,0.325
10,0,0.65,0.51,0.17,1.567,0.7245,0.349,0.391
19,2,0.5,0.38,0.155,0.66,0.2655,0.1365,0.215
9,2,0.62,0.46,0.16,0.9505,0.4915,0.2,0.228
13,0,0.535,0.4,0.15,0.8045,0.3345,0.2125,0.21
10,2,0.46,0.355,0.14,0.491,0.207,0.115,0.174
10,0,0.46,0.33,0.15,0.5325,0.2085,0.1805,0.125
11,2,0.685,0.53,0.17,1.56,0.647,0.383,0.465
19,0,0.6,0.475,0.18,1.1805,0.4345,0.2475,0.425
11,0,0.68,0.55,0.175,1.473,0.713,0.282,0.4295
9,0,0.45,0.36,0.105,0.4715,0.2035,0.0935,0.149
10,0,0.6,0.48,0.165,1.1345,0.4535,0.27,0.335
12,0,0.67,0.53,0.205,1.4015,0.643,0.2465,0.416
11,0,0.495,0.385,0.135,0.6625,0.3005,0.1635,0.185
20,2,0.55,0.425,0.16,0.97,0.2885,0.139,0.48
11,2,0.685,0.55,0.2,1.7725,0.813,0.387,0.49
11,2,0.58,0.46,0.18,1.145,0.48,0.277,0.325
7,0,0.555,0.425,0.14,0.963,0.44,0.224,0.24
8,1,0.5,0.4,0.12,0.616,0.261,0.143,0.1935
12,0,0.6,0.465,0.165,0.8875,0.309,0.246,0.262
5,1,0.44,0.34,0.105,0.369,0.164,0.08,0.1015
9,2,0.555,0.435,0.145,0.9685,0.4985,0.168,0.2385
11,0,0.625,0.515,0.155,1.1635,0.4875,0.259,0.355
9,2,0.59,0.45,0.16,0.998,0.445,0.214,0.301
8,1,0.525,0.39,0.105,0.567,0.2875,0.1075,0.16
12,0,0.505,0.385,0.135,0.6185,0.251,0.1175,0.2
7,2,0.405,0.31,0.1,0.385,0.173,0.0915,0.11
13,0,0.62,0.51,0.15,1.456,0.581,0.2875,0.32
10,2,0.64,0.515,0.18,1.247,0.5475,0.2925,0.3685
5,1,0.235,0.175,0.04,0.0705,0.0335,0.015,0.02
8,2,0.515,0.385,0.11,0.5785,0.253,0.16,0.14
9,2,0.5,0.355,0.14,0.528,0.2125,0.149,0.14
4,1,0.25,0.18,0.065,0.0805,0.0345,0.0185,0.0215
14,2,0.575,0.455,0.145,1.165,0.581,0.2275,0.3
8,2,0.615,0.47,0.155,1.2,0.5085,0.32,0.292
12,2,0.535,0.44,0.15,0.6765,0.256,0.139,0.26
11,2,0.4,0.31,0.11,0.314,0.138,0.057,0.1
6,1,0.385,0.29,0.1,0.2575,0.1,0.061,0.086
19,1,0.45,0.355,0.12,0.412,0.1145,0.0665,0.16
9,0,0.585,0.465,0.165,0.9355,0.4035,0.2275,0.259
8,2,0.48,0.36,0.1,0.439,0.194,0.099,0.115
17,0,0.625,0.485,0.19,1.1745,0.4385,0.2305,0.42
6,0,0.66,0.475,0.18,1.3695,0.641,0.294,0.335
9,2,0.4,0.29,0.115,0.2795,0.1115,0.0575,0.075
15,1,0.52,0.415,0.16,0.595,0.2105,0.142,0.26
10,1,0.53,0.42,0.155,0.81,0.4725,0.111,0.192
9,2,0.59,0.405,0.15,0.853,0.326,0.2615,0.245
9,0,0.575,0.475,0.16,0.895,0.3605,0.221,0.271
11,2,0.645,0.52,0.175,1.636,0.779,0.342,0.432
10,0,0.595,0.475,0.165,1.148,0.444,0.214,0.37
10,0,0.645,0.5,0.16,1.2465,0.5475,0.327,0.3
11,2,0.67,0.54,0.195,1.217,0.532,0.2735,0.3315
9,0,0.575,0.48,0.165,1.078,0.511,0.2095,0.306
11,2,0.65,0.525,0.185,1.488,0.665,0.337,0.378
10,0,0.35,0.275,0.065,0.205,0.0745,0.0465,0.07
8,1,0.545,0.375,0.12,0.543,0.2375,0.1155,0.1725
11,2,0.455,0.355,0.13,0.515,0.2,0.1275,0.175
14,2,0.615,0.495,0.2,1.304,0.5795,0.3115,0.371
9,0,0.595,0.455,0.16,1.04,0.452,0.2655,0.288
10,0,0.425,0.335,0.095,0.322,0.1205,0.061,0.125
8,1,0.475,0.36,0.135,0.4355,0.196,0.0925,0.125
13,2,0.545,0.42,0.13,0.879,0.374,0.1695,0.23
13,1,0.615,0.46,0.19,1.066,0.4335,0.226,0.33
21,0,0.56,0.455,0.125,0.943,0.344,0.129,0.375
9,2,0.615,0.475,0.15,1.0375,0.476,0.2325,0.283
17,1,0.635,0.505,0.19,1.3315,0.5805,0.252,0.435
11,2,0.655,0.51,0.215,1.7835,0.8885,0.4095,0.4195
8,0,0.585,0.435,0.14,0.6955,0.3085,0.129,0.2245
10,2,0.495,0.38,0.12,0.474,0.197,0.1065,0.1545
6,1,0.435,0.34,0.115,0.3925,0.1825,0.078,0.1145
11,0,0.59,0.415,0.15,0.8805,0.3645,0.234,0.235
8,2,0.52,0.425,0.125,0.79,0.372,0.205,0.19
11,0,0.625,0.47,0.145,0.984,0.475,0.2,0.265
8,1,0.475,0.36,0.11,0.452,0.191,0.099,0.13
9,2,0.61,0.47,0.155,1.0325,0.497,0.2175,0.2785
8,1,0.51,0.4,0.125,0.5935,0.239,0.13,0.204
7,2,0.325,0.24,0.085,0.173,0.0795,0.038,0.05
14,0,0.525,0.405,0.115,0.72,0.3105,0.1915,0.2
12,2,0.63,0.495,0.16,1.093,0.497,0.221,0.315
9,2,0.455,0.35,0.105,0.401,0.1575,0.083,0.135
17,0,0.58,0.455,0.16,0.9215,0.312,0.196,0.3
10,1,0.64,0.49,0.135,1.1,0.488,0.2505,0.2925
5,1,0.335,0.255,0.08,0.168,0.079,0.0355,0.05
11,2,0.38,0.285,0.1,0.2665,0.115,0.061,0.075
10,2,0.67,0.525,0.18,1.6615,0.8005,0.3645,0.43
12,2,0.565,0.425,0.1,0.7145,0.3055,0.166,0.18
11,0,0.565,0.445,0.125,0.8305,0.3135,0.1785,0.23
3,2,0.21,0.15,0.05,0.0385,0.0155,0.0085,0.01
8,1,0.47,0.355,0.18,0.48,0.2055,0.105,0.1505
12,2,0.415,0.315,0.125,0.388,0.068,0.09,0.125
9,0,0.55,0.43,0.14,0.8105,0.368,0.161,0.275
7,1,0.415,0.33,0.1,0.3905,0.1925,0.0755,0.1025
6,1,0.275,0.205,0.075,0.1105,0.045,0.0285,0.035
10,0,0.625,0.475,0.175,1.1435,0.4755,0.2475,0.349
10,2,0.645,0.505,0.165,1.307,0.4335,0.262,0.52
6,1,0.365,0.27,0.075,0.2215,0.095,0.0445,0.07
12,0,0.58,0.44,0.18,0.854,0.3665,0.1635,0.245
8,1,0.475,0.355,0.135,0.4775,0.2145,0.09,0.1435
13,2,0.68,0.54,0.21,1.7885,0.8345,0.408,0.437
21,0,0.67,0.535,0.185,1.597,0.6275,0.35,0.47
20,1,0.58,0.445,0.17,1.178,0.3935,0.2165,0.315
5,1,0.19,0.13,0.045,0.0265,0.009,0.005,0.009
6,1,0.45,0.33,0.1,0.411,0.1945,0.1,0.098
10,0,0.36,0.265,0.09,0.2165,0.096,0.037,0.0735
8,1,0.545,0.435,0.135,0.7715,0.372,0.148,0.227
13,1,0.46,0.355,0.14,0.4935,0.216,0.133,0.115
8,0,0.56,0.44,0.155,0.6405,0.336,0.1765,0.245
8,0,0.62,0.48,0.16,1.1125,0.5635,0.2445,0.281
9,0,0.595,0.46,0.14,1.0045,0.4655,0.2095,0.2515
8,2,0.52,0.465,0.15,0.9505,0.456,0.199,0.255
6,1,0.34,0.245,0.085,0.2015,0.1005,0.038,0.053
10,2,0.575,0.44,0.185,1.025,0.5075,0.2245,0.2485
6,1,0.45,0.33,0.11,0.3685,0.16,0.0885,0.102
8,0,0.575,0.465,0.195,0.9965,0.417,0.247,0.47
13,0,0.455,0.365,0.11,0.385,0.166,0.046,0.1345
11,2,0.65,0.525,0.175,1.4715,0.675,0.315,0.399
8,1,0.485,0.365,0.09,0.651,0.3165,0.132,0.18
11,2,0.42,0.34,0.125,0.4495,0.165,0.1125,0.144
13,0,0.595,0.495,0.185,1.285,0.416,0.224,0.485
9,2,0.54,0.435,0.14,0.7345,0.33,0.1595,0.213
7,1,0.365,0.27,0.085,0.196,0.0825,0.0375,0.06
10,0,0.57,0.47,0.14,0.871,0.385,0.211,0.2315
10,2,0.55,0.46,0.175,0.869,0.3155,0.1825,0.32
16,0,0.66,0.565,0.195,1.7605,0.692,0.3265,0.5
9,0,0.585,0.45,0.145,0.9835,0.4845,0.242,0.22
9,0,0.72,0.55,0.195,2.073,1.0715,0.4265,0.5015
9,2,0.55,0.435,0.11,0.806,0.3415,0.203,0.215
13,2,0.545,0.42,0.125,0.9745,0.353,0.174,0.305
9,2,0.615,0.48,0.175,1.118,0.446,0.3195,0.3
11,2,0.5,0.42,0.125,0.62,0.255,0.15,0.205
13,2,0.47,0.375,0.13,0.5795,0.2145,0.164,0.195
10,2,0.51,0.4,0.14,0.6905,0.259,0.151,0.23
9,2,0.585,0.47,0.145,0.9565,0.4025,0.2365,0.265
5,1,0.28,0.2,0.075,0.1225,0.0545,0.0115,0.035
11,2,0.7,0.545,0.185,1.6135,0.75,0.4035,0.3685
7,1,0.375,0.275,0.085,0.22,0.109,0.05,0.0605
9,0,0.63,0.485,0.17,1.3205,0.5945,0.345,0.345
9,0,0.52,0.4,0.125,0.6865,0.295,0.1715,0.185
6,2,0.27,0.2,0.08,0.1205,0.0465,0.028,0.04
9,0,0.55,0.47,0.15,0.897,0.377,0.184,0.29
8,1,0.45,0.35,0.11,0.514,0.253,0.1045,0.14
9,2,0.62,0.48,0.165,1.0725,0.4815,0.235,0.312
7,0,0.385,0.305,0.105,0.3315,0.1365,0.0745,0.1
12,2,0.735,0.555,0.22,2.333,1.2395,0.3645,0.6195
9,1,0.365,0.26,0.115,0.218,0.0935,0.0445,0.07
14,0,0.645,0.55,0.175,1.2915,0.57,0.3045,0.33
8,1,0.345,0.285,0.1,0.2225,0.0865,0.058,0.075
9,1,0.45,0.33,0.105,0.448,0.208,0.089,0.12
6,1,0.485,0.38,0.12,0.4725,0.2075,0.1075,0.147
9,2,0.585,0.46,0.145,0.9335,0.478,0.1825,0.235
11,0,0.635,0.485,0.19,1.3765,0.634,0.2885,0.406
5,2,0.375,0.305,0.09,0.3245,0.1395,0.0565,0.095
10,1,0.55,0.425,0.145,0.89,0.4325,0.171,0.236
5,1,0.3,0.225,0.075,0.1345,0.057,0.028,0.044
7,1,0.38,0.275,0.095,0.1375,0.086,0.0585,0.0605
8,1,0.515,0.395,0.125,0.6635,0.32,0.14,0.17
9,0,0.605,0.47,0.165,1.1775,0.611,0.2275,0.292
4,1,0.27,0.205,0.075,0.118,0.059,0.031,0.0305
4,2,0.175,0.125,0.04,0.024,0.0095,0.006,0.005
12,2,0.585,0.455,0.155,1.133,0.5515,0.223,0.305
13,1,0.61,0.48,0.165,1.097,0.4215,0.264,0.335
15,2,0.655,0.53,0.175,1.2635,0.486,0.2635,0.415
11,2,0.67,0.525,0.165,1.6085,0.682,0.3145,0.4005
8,2,0.625,0.5,0.13,1.082,0.5785,0.2045,0.25
12,0,0.48,0.375,0.105,0.525,0.2185,0.1195,0.155
10,1,0.595,0.47,0.135,0.9365,0.434,0.184,0.287
9,0,0.56,0.43,0.15,0.8825,0.3465,0.172,0.31
6,1,0.42,0.32,0.11,0.309,0.115,0.0645,0.0945
7,2,0.5,0.385,0.135,0.6425,0.3195,0.129,0.1535
13,0,0.66,0.53,0.17,1.326,0.519,0.2625,0.44
12,0,0.525,0.43,0.125,0.813,0.3315,0.166,0.1775
10,2,0.58,0.43,0.125,0.9115,0.446,0.2075,0.121
7,1,0.505,0.38,0.12,0.594,0.2595,0.1435,0.18
10,1,0.525,0.4,0.14,0.6955,0.2405,0.16,0.253
14,2,0.495,0.385,0.135,0.6335,0.2,0.1225,0.26
19,0,0.58,0.46,0.15,0.9955,0.429,0.212,0.26
13,2,0.555,0.44,0.135,0.9025,0.3805,0.2105,0.28
9,0,0.45,0.335,0.105,0.425,0.1865,0.091,0.115
7,2,0.295,0.215,0.075,0.129,0.05,0.0295,0.04
7,1,0.35,0.265,0.08,0.2,0.09,0.042,0.06
9,0,0.64,0.49,0.18,1.36,0.653,0.347,0.305
14,0,0.62,0.51,0.205,1.3475,0.4775,0.2565,0.48
9,0,0.56,0.44,0.135,0.8025,0.35,0.1615,0.259
9,2,0.67,0.525,0.17,1.4005,0.715,0.3025,0.387
14,2,0.58,0.45,0.14,1.013,0.38,0.216,0.36
19,0,0.55,0.44,0.15,0.8945,0.3145,0.151,0.32
8,1,0.455,0.435,0.11,0.4265,0.195,0.09,0.1205
11,2,0.615,0.47,0.175,1.242,0.5675,0.287,0.317
6,1,0.425,0.31,0.105,0.365,0.159,0.0825,0.105
7,0,0.485,0.365,0.15,0.9145,0.4145,0.199,0.273
5,0,0.36,0.27,0.09,0.1885,0.0845,0.0385,0.055
11,0,0.62,0.505,0.16,1.3725,0.6285,0.275,0.3685
9,0,0.54,0.415,0.15,0.8115,0.3875,0.1875,0.2035
12,0,0.635,0.5,0.175,1.477,0.684,0.3005,0.39
7,1,0.36,0.265,0.09,0.2055,0.096,0.037,0.0585
5,1,0.25,0.18,0.065,0.0685,0.0245,0.0155,0.0225
16,2,0.51,0.415,0.14,0.8185,0.3025,0.2155,0.235
8,1,0.515,0.395,0.125,0.556,0.2695,0.096,0.17
11,1,0.37,0.28,0.09,0.233,0.0905,0.0545,0.07
9,0,0.6,0.475,0.16,1.0265,0.485,0.2495,0.2565
13,2,0.56,0.41,0.165,0.93,0.3505,0.237,0.3
10,0,0.455,0.35,0.14,0.5725,0.1965,0.1325,0.175
7,2,0.52,0.395,0.125,0.8115,0.4035,0.166,0.2
9,0,0.7,0.525,0.19,1.6465,0.8545,0.307,0.3995
9,0,0.56,0.42,0.18,1.6645,0.7755,0.35,0.4525
9,2,0.595,0.455,0.15,1.044,0.518,0.2205,0.27
10,2,0.625,0.5,0.14,1.096,0.5445,0.2165,0.295
17,2,0.655,0.58,0.205,2.0805,0.959,0.3415,0.601
16,0,0.535,0.405,0.125,0.927,0.26,0.1425,0.345
10,2,0.645,0.53,0.195,1.39,0.6465,0.2945,0.3735
12,2,0.525,0.415,0.16,0.6445,0.26,0.1575,0.22
9,2,0.41,0.3,0.1,0.301,0.124,0.069,0.09
9,2,0.62,0.485,0.165,1.1325,0.5235,0.2505,0.2825
9,0,0.565,0.44,0.15,0.983,0.4475,0.2355,0.2485
9,0,0.64,0.525,0.175,1.382,0.646,0.3115,0.37
7,2,0.495,0.4,0.135,0.61,0.272,0.1435,0.144
11,2,0.67,0.525,0.2,1.7405,0.6205,0.297,0.657
9,0,0.69,0.54,0.155,1.454,0.624,0.3105,0.39
7,0,0.375,0.27,0.135,0.597,0.272,0.131,0.1675
3,1,0.205,0.155,0.045,0.0495,0.0235,0.011,0.014
14,2,0.49,0.395,0.135,0.5545,0.213,0.0925,0.215
10,2,0.595,0.45,0.14,0.838,0.3965,0.194,0.217
15,2,0.61,0.475,0.165,1.116,0.428,0.2205,0.315
5,1,0.305,0.22,0.07,0.141,0.062,0.031,0.037
10,1,0.38,0.275,0.1,0.2255,0.08,0.049,0.085
11,0,0.725,0.6,0.2,1.737,0.697,0.3585,0.595
7,1,0.265,0.2,0.065,0.0975,0.04,0.0205,0.028
12,0,0.5,0.385,0.115,0.6785,0.2945,0.138,0.195
15,2,0.525,0.41,0.13,0.99,0.3865,0.243,0.295
9,1,0.57,0.435,0.17,0.848,0.4,0.166,0.25
8,2,0.52,0.4,0.12,0.58,0.234,0.1315,0.185
5,0,0.37,0.275,0.085,0.2405,0.104,0.0535,0.07
7,2,0.565,0.415,0.125,0.667,0.302,0.1545,0.185
10,1,0.56,0.425,0.14,0.9175,0.4005,0.1975,0.26
8,0,0.59,0.455,0.145,1.063,0.5155,0.2445,0.25
11,2,0.615,0.47,0.145,1.0285,0.4435,0.2825,0.285
11,0,0.62,0.51,0.18,1.3315,0.594,0.276,0.388
14,2,0.61,0.48,0.15,1.2,0.56,0.2455,0.28
12,0,0.52,0.41,0.155,0.727,0.291,0.1835,0.235
9,0,0.62,0.49,0.16,1.056,0.493,0.244,0.2725
11,0,0.51,0.34,0.18,0.7005,0.312,0.165,0.2
7,2,0.55,0.405,0.15,0.9235,0.412,0.2135,0.24
10,2,0.56,0.425,0.135,0.849,0.3265,0.221,0.2645
11,2,0.545,0.435,0.145,0.9385,0.3685,0.1245,0.345
9,0,0.545,0.385,0.15,1.1185,0.5425,0.2445,0.2845
6,1,0.37,0.275,0.14,0.2215,0.097,0.0455,0.0615
8,2,0.37,0.28,0.1,0.252,0.1065,0.0595,0.074
8,0,0.58,0.435,0.15,0.834,0.428,0.1515,0.23
10,2,0.58,0.455,0.135,0.7955,0.405,0.167,0.204
10,2,0.57,0.445,0.16,1.0145,0.516,0.164,0.3
9,2,0.63,0.455,0.15,1.1315,0.481,0.2745,0.305
11,2,0.77,0.605,0.175,2.0505,0.8005,0.526,0.355
8,1,0.5,0.385,0.12,0.56,0.2835,0.103,0.135
10,0,0.41,0.315,0.11,0.321,0.1255,0.0655,0.095
9,0,0.515,0.4,0.115,0.578,0.191,0.1445,0.17
10,2,0.555,0.45,0.175,0.874,0.3275,0.202,0.305
11,0,0.67,0.52,0.195,1.8065,0.758,0.3735,0.5055
15,2,0.585,0.455,0.225,1.055,0.3815,0.221,0.365
7,1,0.44,0.355,0.12,0.495,0.231,0.11,0.125
10,2,0.4,0.305,0.085,0.297,0.108,0.0705,0.1
9,1,0.475,0.365,0.125,0.5465,0.229,0.1185,0.172
12,2,0.505,0.395,0.135,0.5915,0.288,0.1315,0.185
18,0,0.58,0.455,0.155,0.8365,0.315,0.1385,0.32
8,2,0.525,0.385,0.1,0.5115,0.246,0.1005,0.1455
14,2,0.725,0.57,0.19,2.55,1.0705,0.483,0.725
14,2,0.48,0.38,0.135,0.528,0.2,0.1395,0.16
8,0,0.58,0.445,0.145,0.888,0.41,0.1815,0.2425
11,0,0.64,0.495,0.17,1.2265,0.49,0.377,0.2875
7,1,0.33,0.225,0.075,0.187,0.0945,0.0395,0.0425
12,2,0.385,0.285,0.105,0.2905,0.1215,0.0685,0.0875
9,1,0.54,0.395,0.135,0.6555,0.2705,0.155,0.192
8,1,0.48,0.365,0.1,0.461,0.2205,0.0835,0.135
10,1,0.605,0.48,0.155,0.9995,0.425,0.1985,0.3
9,1,0.545,0.43,0.14,0.687,0.2615,0.1405,0.25
12,0,0.52,0.405,0.125,0.6435,0.2415,0.1735,0.21
12,0,0.595,0.465,0.14,1.113,0.5175,0.244,0.305
7,1,0.33,0.23,0.08,0.14,0.0565,0.0365,0.046
6,1,0.375,0.275,0.09,0.218,0.093,0.0405,0.0755
14,0,0.555,0.455,0.18,0.958,0.296,0.195,0.39
6,0,0.29,0.21,0.075,0.275,0.113,0.0675,0.035
19,0,0.605,0.485,0.165,1.0105,0.435,0.209,0.3
10,0,0.535,0.405,0.145,0.6845,0.2725,0.171,0.205
5,1,0.28,0.22,0.08,0.1315,0.066,0.024,0.03
9,1,0.525,0.4,0.125,0.6965,0.369,0.1385,0.164
8,1,0.375,0.28,0.08,0.2025,0.0825,0.048,0.065
8,1,0.53,0.42,0.13,0.658,0.296,0.1245,0.198
23,0,0.8,0.63,0.195,2.526,0.933,0.59,0.62
10,0,0.455,0.35,0.14,0.5185,0.221,0.1265,0.135
7,1,0.405,0.3,0.11,0.32,0.172,0.044,0.093
14,2,0.665,0.535,0.195,1.606,0.5755,0.388,0.48
9,0,0.49,0.38,0.155,0.578,0.2395,0.1255,0.18
10,1,0.435,0.34,0.11,0.407,0.1685,0.073,0.13
9,0,0.605,0.455,0.145,0.862,0.334,0.1985,0.3
12,2,0.525,0.425,0.12,0.702,0.3335,0.1465,0.22
5,1,0.29,0.215,0.06,0.1115,0.053,0.0185,0.032
9,1,0.35,0.265,0.11,0.209,0.066,0.059,0.075
11,0,0.7,0.555,0.22,1.666,0.647,0.4285,0.455
7,1,0.43,0.325,0.09,0.425,0.217,0.087,0.095
5,1,0.215,0.165,0.055,0.059,0.0265,0.0125,0.0185
10,0,0.72,0.58,0.195,2.103,1.0265,0.48,0.5375
9,2,0.645,0.48,0.15,1.192,0.6055,0.2595,0.285
9,1,0.46,0.35,0.105,0.3705,0.1575,0.077,0.114
11,2,0.63,0.515,0.175,1.1955,0.492,0.247,0.37
8,1,0.37,0.285,0.095,0.226,0.1135,0.0515,0.0675
12,0,0.475,0.375,0.15,0.559,0.1955,0.1215,0.1945
6,2,0.5,0.39,0.125,0.5215,0.2485,0.117,0.131
10,0,0.6,0.48,0.17,1.056,0.4575,0.2435,0.3135
15,2,0.555,0.44,0.15,1.092,0.416,0.212,0.4405
10,0,0.47,0.355,0.1,0.4755,0.1675,0.0805,0.185
10,1,0.36,0.275,0.11,0.2335,0.095,0.0525,0.085
27,2,0.665,0.535,0.225,2.1835,0.7535,0.391,0.885
13,0,0.45,0.35,0.145,0.5425,0.1765,0.123,0.175
13,0,0.62,0.485,0.165,1.166,0.483,0.238,0.355
13,0,0.605,0.495,0.17,1.0915,0.4365,0.2715,0.335
13,1,0.48,0.37,0.12,0.514,0.2075,0.131,0.155
11,2,0.71,0.575,0.215,2.009,0.9895,0.4475,0.502
9,1,0.575,0.44,0.125,0.8515,0.4555,0.1715,0.1965
15,2,0.59,0.475,0.145,1.053,0.4415,0.262,0.325
8,1,0.41,0.315,0.1,0.3,0.124,0.0575,0.1
9,0,0.61,0.495,0.165,1.0835,0.4525,0.273,0.317
10,2,0.475,0.375,0.12,0.563,0.2525,0.1205,0.185
8,1,0.475,0.36,0.125,0.4905,0.205,0.1305,0.125
6,0,0.445,0.335,0.11,0.4355,0.2025,0.1095,0.1195
10,2,0.475,0.375,0.13,0.5175,0.2075,0.1165,0.17
11,2,0.375,0.3,0.1,0.2465,0.104,0.0475,0.083
11,0,0.67,0.54,0.195,1.619,0.74,0.3305,0.465
9,2,0.62,0.49,0.155,1.1,0.505,0.2475,0.31
9,1,0.5,0.375,0.12,0.542,0.215,0.116,0.17
21,0,0.625,0.42,0.165,1.0595,0.358,0.165,0.445
16,2,0.725,0.565,0.215,1.891,0.6975,0.4725,0.58
10,2,0.605,0.49,0.14,0.9755,0.419,0.206,0.315
12,0,0.645,0.52,0.19,1.3105,0.58,0.288,0.37
4,1,0.3,0.235,0.08,0.131,0.05,0.0265,0.043
12,0,0.575,0.45,0.12,0.9585,0.447,0.169,0.275
9,0,0.445,0.325,0.125,0.455,0.1785,0.1125,0.14
9,1,0.54,0.425,0.14,0.742,0.32,0.1395,0.25
13,0,0.53,0.425,0.13,0.717,0.2115,0.166,0.255
11,2,0.525,0.4,0.14,0.7325,0.334,0.1575,0.17
9,1,0.55,0.42,0.155,0.912,0.495,0.1805,0.205
4,1,0.28,0.12,0.075,0.117,0.0455,0.029,0.0345
11,2,0.55,0.45,0.13,0.92,0.378,0.2385,0.29
10,2,0.65,0.495,0.16,1.2075,0.55,0.2695,0.32
12,2,0.645,0.5,0.175,1.286,0.5645,0.288,0.386
9,1,0.44,0.35,0.12,0.375,0.1425,0.0965,0.115
13,0,0.49,0.4,0.145,0.6635,0.21,0.1295,0.2515
13,2,0.5,0.415,0.165,0.6885,0.249,0.138,0.25
5,1,0.375,0.29,0.095,0.213,0.096,0.041,0.061
10,0,0.645,0.5,0.155,1.2205,0.6145,0.236,0.3185
13,2,0.675,0.525,0.185,1.587,0.6935,0.336,0.395
7,2,0.545,0.43,0.155,0.8035,0.409,0.144,0.228
11,2,0.655,0.52,0.18,1.492,0.7185,0.36,0.355
9,1,0.485,0.355,0.105,0.498,0.2175,0.096,0.1525
12,0,0.655,0.505,0.19,1.3485,0.5935,0.2745,0.425
13,2,0.55,0.435,0.16,0.906,0.342,0.219,0.295
14,2,0.57,0.48,0.18,0.9395,0.399,0.2,0.295
9,2,0.57,0.455,0.175,1.02,0.4805,0.2145,0.29
11,0,0.46,0.38,0.13,0.639,0.3,0.1525,0.16
12,0,0.595,0.455,0.155,1.0605,0.5135,0.2165,0.3
12,2,0.745,0.575,0.2,1.884,0.954,0.336,0.495
7,1,0.475,0.365,0.105,0.4175,0.1645,0.099,0.127
20,2,0.565,0.435,0.185,1.032,0.354,0.2045,0.31
14,0,0.55,0.425,0.135,0.8515,0.362,0.196,0.27
7,1,0.315,0.23,0.09,0.1285,0.043,0.04,0.04
9,1,0.535,0.45,0.135,0.728,0.2845,0.1845,0.265
17,0,0.66,0.52,0.2,1.676,0.673,0.4805,0.45
8,2,0.58,0.465,0.15,0.9065,0.371,0.1965,0.29
13,0,0.575,0.46,0.19,0.994,0.392,0.2425,0.34
10,0,0.385,0.315,0.11,0.286,0.1225,0.0635,0.0835
5,1,0.37,0.275,0.1,0.2815,0.1505,0.0505,0.068
4,1,0.18,0.125,0.035,0.0265,0.0095,0.0055,0.0085
12,0,0.515,0.395,0.14,0.686,0.281,0.1255,0.22
7,0,0.35,0.265,0.09,0.1855,0.0745,0.0415,0.06
6,1,0.3,0.23,0.075,0.127,0.052,0.03,0.0345
8,1,0.425,0.3,0.095,0.3515,0.141,0.0775,0.12
13,0,0.705,0.55,0.2,1.7095,0.633,0.4115,0.49
10,0,0.705,0.535,0.22,1.866,0.929,0.3835,0.4395
11,0,0.625,0.445,0.16,1.09,0.46,0.2965,0.304
10,2,0.615,0.46,0.17,1.0565,0.4815,0.272,0.27
5,1,0.215,0.15,0.03,0.0385,0.0115,0.005,0.01
9,1,0.515,0.4,0.125,0.5925,0.265,0.1175,0.168
14,2,0.6,0.475,0.19,1.0875,0.403,0.2655,0.325
9,1,0.4,0.3,0.11,0.315,0.109,0.067,0.12
8,0,0.535,0.425,0.135,0.771,0.3765,0.1815,0.1795
8,0,0.655,0.455,0.17,1.275,0.583,0.303,0.333
12,2,0.5,0.38,0.135,0.5835,0.2295,0.1265,0.18
10,2,0.595,0.46,0.17,1.1295,0.57,0.2555,0.265
14,1,0.43,0.34,0.125,0.384,0.1375,0.061,0.146
7,1,0.36,0.265,0.075,0.1845,0.083,0.0365,0.055
12,2,0.63,0.48,0.145,1.0115,0.4235,0.237,0.305
15,0,0.48,0.37,0.13,0.5885,0.2475,0.1505,0.1595
7,1,0.445,0.35,0.13,0.4195,0.1695,0.0945,0.1195
17,0,0.505,0.41,0.15,0.6345,0.243,0.1335,0.215
7,0,0.375,0.295,0.11,0.3005,0.1255,0.0575,0.1035
10,2,0.51,0.4,0.14,0.6515,0.2455,0.1665,0.185
11,0,0.585,0.455,0.17,0.9945,0.4255,0.263,0.2845
11,1,0.53,0.41,0.15,0.612,0.2435,0.1525,0.1895
9,2,0.575,0.47,0.15,0.9785,0.4505,0.196,0.276
17,0,0.53,0.42,0.13,1.001,0.34,0.226,0.265
9,0,0.565,0.44,0.15,0.863,0.435,0.149,0.27
12,0,0.585,0.455,0.165,0.998,0.345,0.2495,0.315
17,0,0.555,0.435,0.165,0.97,0.336,0.2315,0.295
12,0,0.69,0.54,0.195,1.2525,0.73,0.3975,0.462
8,2,0.535,0.43,0.14,0.7165,0.2855,0.1595,0.2155
18,2,0.565,0.455,0.17,0.9065,0.342,0.156,0.32
11,2,0.64,0.505,0.18,1.297,0.59,0.3125,0.363
7,1,0.485,0.37,0.1,0.513,0.219,0.1075,0.13
11,0,0.78,0.63,0.215,2.657,1.488,0.4985,0.586
9,0,0.66,0.505,0.19,1.4045,0.6255,0.3375,0.3745
8,1,0.395,0.3,0.09,0.279,0.134,0.049,0.075
9,1,0.455,0.37,0.125,0.433,0.201,0.1265,0.145
12,0,0.61,0.48,0.19,1.2955,0.5215,0.3225,0.365
9,0,0.55,0.445,0.155,0.9905,0.544,0.178,0.218
9,2,0.595,0.435,0.16,1.057,0.4255,0.224,0.31
6,1,0.405,0.3,0.09,0.269,0.103,0.067,0.11
16,0,0.65,0.545,0.23,1.752,0.5605,0.2895,0.815
4,1,0.195,0.135,0.04,0.0325,0.0135,0.005,0.0095
5,1,0.32,0.24,0.09,0.1575,0.07,0.0265,0.0425
8,0,0.61,0.495,0.185,1.153,0.536,0.2905,0.245
10,0,0.625,0.49,0.145,0.92,0.437,0.1735,0.28
13,1,0.425,0.345,0.125,0.425,0.16,0.0795,0.154
9,2,0.485,0.37,0.155,0.968,0.419,0.2455,0.2365
8,2,0.42,0.34,0.115,0.4215,0.175,0.093,0.135
4,1,0.2,0.155,0.04,0.0435,0.0155,0.009,0.007
15,0,0.52,0.405,0.145,0.829,0.3535,0.1685,0.205
11,1,0.49,0.385,0.14,0.5425,0.198,0.127,0.175
7,2,0.56,0.45,0.14,0.9,0.472,0.182,0.218
9,2,0.375,0.285,0.095,0.253,0.096,0.0575,0.0925
7,1,0.39,0.315,0.09,0.3095,0.147,0.05,0.09
8,1,0.47,0.355,0.125,0.499,0.21,0.0985,0.155
9,0,0.615,0.475,0.17,1.055,0.543,0.246,0.2345
16,2,0.58,0.46,0.165,1.2275,0.473,0.1965,0.435
7,0,0.435,0.325,0.11,0.4335,0.178,0.0985,0.155
13,0,0.625,0.525,0.195,1.352,0.4505,0.2445,0.53
11,2,0.625,0.49,0.185,1.169,0.5275,0.2535,0.344
4,1,0.23,0.165,0.06,0.0515,0.019,0.0145,0.036
6,1,0.205,0.14,0.05,0.046,0.0165,0.012,0.0135
14,2,0.52,0.45,0.15,0.895,0.3615,0.186,0.235
5,1,0.385,0.28,0.09,0.228,0.1025,0.042,0.0655
18,2,0.66,0.505,0.2,1.6305,0.4865,0.297,0.61
13,1,0.575,0.455,0.18,0.8525,0.3015,0.1825,0.3
8,1,0.47,0.37,0.11,0.5555,0.25,0.115,0.163
14,1,0.45,0.345,0.135,0.443,0.1975,0.0875,0.1175
4,1,0.225,0.17,0.05,0.0515,0.019,0.012,0.017
11,0,0.435,0.32,0.12,0.3785,0.152,0.0915,0.125
15,2,0.645,0.495,0.185,1.4935,0.5265,0.2785,0.455
7,1,0.355,0.275,0.09,0.251,0.097,0.053,0.08
9,1,0.36,0.275,0.085,0.1975,0.0745,0.0415,0.07
9,0,0.43,0.35,0.09,0.397,0.1575,0.089,0.12
9,2,0.535,0.435,0.15,0.717,0.3475,0.1445,0.194
15,2,0.55,0.415,0.175,1.042,0.3295,0.2325,0.2905
17,0,0.54,0.44,0.135,0.959,0.2385,0.221,0.3
10,1,0.62,0.45,0.135,0.924,0.358,0.2265,0.2965
9,2,0.525,0.41,0.13,0.6875,0.3435,0.1495,0.1765
10,2,0.6,0.465,0.155,1.262,0.6245,0.2455,0.33
12,2,0.47,0.37,0.135,0.547,0.222,0.1325,0.17
14,0,0.61,0.47,0.145,1.153,0.403,0.296,0.32
11,1,0.465,0.34,0.11,0.346,0.1425,0.073,0.113
10,2,0.485,0.4,0.135,0.663,0.313,0.137,0.2
11,1,0.61,0.49,0.16,1.1545,0.5865,0.2385,0.2915
7,2,0.45,0.345,0.105,0.4115,0.18,0.1125,0.135
7,1,0.425,0.325,0.115,0.3685,0.162,0.0865,0.1045
11,2,0.385,0.31,0.1,0.2845,0.1065,0.075,0.1
11,0,0.7,0.56,0.175,1.6605,0.8605,0.3275,0.398
6,1,0.32,0.215,0.095,0.305,0.14,0.067,0.0885
12,2,0.63,0.505,0.175,1.221,0.555,0.252,0.34
6,0,0.46,0.35,0.115,0.46,0.2025,0.1115,0.1165
10,0,0.47,0.36,0.13,0.472,0.182,0.114,0.15
11,2,0.705,0.55,0.21,1.4385,0.655,0.3255,0.462
10,1,0.415,0.325,0.1,0.3215,0.1535,0.0595,0.105
9,2,0.53,0.425,0.13,0.702,0.2975,0.1395,0.22
10,1,0.455,0.36,0.115,0.457,0.2085,0.0855,0.147
10,2,0.7,0.545,0.215,1.9125,0.8825,0.4385,0.506
7,2,0.425,0.325,0.095,0.3785,0.1705,0.08,0.1
10,0,0.605,0.48,0.15,1.079,0.4505,0.2835,0.293
15,0,0.61,0.48,0.175,1.0675,0.391,0.216,0.42
8,1,0.315,0.245,0.085,0.1435,0.053,0.0475,0.05
15,0,0.625,0.515,0.15,1.2415,0.5235,0.3065,0.36
7,2,0.555,0.4,0.13,0.7075,0.332,0.1585,0.18
8,1,0.42,0.325,0.115,0.314,0.1295,0.0635,0.1
10,0,0.645,0.48,0.17,1.1345,0.528,0.254,0.305
8,1,0.52,0.4,0.11,0.597,0.2935,0.1155,0.16
6,1,0.395,0.29,0.095,0.304,0.127,0.084,0.077
11,2,0.635,0.495,0.195,1.172,0.445,0.3115,0.3475
16,0,0.525,0.39,0.135,0.6005,0.2265,0.131,0.21
11,0,0.585,0.475,0.185,0.9585,0.4145,0.1615,0.33
6,1,0.38,0.275,0.11,0.256,0.11,0.0535,0.0755
11,2,0.455,0.35,0.12,0.4835,0.1815,0.144,0.16
17,2,0.745,0.585,0.215,2.499,0.9265,0.472,0.7
7,2,0.285,0.21,0.075,0.1185,0.055,0.0285,0.04
14,0,0.57,0.45,0.165,0.903,0.3305,0.1845,0.295
8,2,0.57,0.445,0.15,0.9875,0.504,0.207,0.249
9,0,0.65,0.49,0.155,1.122,0.545,0.228,0.3055
6,1,0.33,0.265,0.085,0.196,0.0775,0.0305,0.0445
9,1,0.515,0.395,0.125,0.5805,0.2365,0.1075,0.19
12,2,0.69,0.53,0.21,1.583,0.7355,0.405,0.3865
12,0,0.615,0.475,0.165,1.023,0.4905,0.1955,0.3035
10,2,0.625,0.49,0.12,0.8765,0.456,0.18,0.233
9,1,0.525,0.415,0.12,0.596,0.2805,0.12,0.1695
7,1,0.365,0.28,0.09,0.196,0.0865,0.036,0.0605
10,0,0.54,0.42,0.145,0.8655,0.4315,0.163,0.2175
7,1,0.365,0.265,0.135,0.2215,0.105,0.047,0.0605
15,0,0.6,0.47,0.2,1.031,0.392,0.2035,0.29
11,1,0.555,0.425,0.18,0.875,0.3695,0.2005,0.255
11,0,0.43,0.325,0.115,0.3865,0.1475,0.1065,0.11
6,1,0.375,0.28,0.08,0.2345,0.1125,0.0455,0.067
11,2,0.72,0.565,0.2,1.787,0.718,0.385,0.529
5,1,0.24,0.175,0.045,0.07,0.0315,0.0235,0.02
6,0,0.53,0.42,0.17,0.828,0.41,0.208,0.1505
8,2,0.415,0.315,0.12,0.4015,0.199,0.087,0.097
13,0,0.59,0.445,0.13,1.1325,0.3825,0.234,0.32
10,2,0.35,0.26,0.09,0.198,0.0725,0.056,0.06
6,1,0.35,0.25,0.07,0.18,0.0655,0.048,0.054
8,1,0.325,0.24,0.07,0.152,0.0565,0.0305,0.054
9,0,0.715,0.565,0.18,1.79,0.844,0.3535,0.5385
8,2,0.51,0.41,0.145,0.796,0.3865,0.1815,0.1955
11,0,0.49,0.375,0.135,0.6125,0.2555,0.102,0.22
6,1,0.43,0.35,0.105,0.366,0.1705,0.0855,0.11
10,0,0.675,0.51,0.195,1.382,0.6045,0.3175,0.3965
10,0,0.63,0.475,0.155,1.0005,0.452,0.252,0.265
7,1,0.44,0.345,0.12,0.365,0.1655,0.083,0.11
9,1,0.5,0.41,0.14,0.6615,0.2585,0.1625,0.196
10,2,0.67,0.54,0.175,1.482,0.739,0.2925,0.365
13,2,0.655,0.53,0.195,1.388,0.567,0.2735,0.41
9,1,0.475,0.355,0.125,0.4865,0.2155,0.1105,0.142
10,2,0.56,0.45,0.155,0.9125,0.3595,0.271,0.35
7,0,0.38,0.32,0.115,0.6475,0.323,0.1325,0.164
15,2,0.57,0.43,0.12,1.0615,0.348,0.167,0.31
10,0,0.58,0.435,0.155,0.8785,0.425,0.1685,0.2425
17,2,0.62,0.495,0.175,1.806,0.643,0.3285,0.725
8,2,0.525,0.395,0.13,0.7635,0.3375,0.1425,0.225
9,1,0.55,0.435,0.125,0.741,0.348,0.1585,0.206
17,0,0.62,0.485,0.22,1.511,0.5095,0.284,0.51
5,1,0.27,0.19,0.06,0.099,0.0445,0.017,0.03
5,1,0.255,0.19,0.06,0.086,0.04,0.0185,0.025
10,0,0.61,0.46,0.145,1.1185,0.478,0.2945,0.2985
8,2,0.59,0.47,0.16,1.206,0.479,0.2425,0.309
10,1,0.35,0.26,0.085,0.174,0.0705,0.0345,0.06
7,1,0.475,0.35,0.12,0.4905,0.2035,0.13,0.135
11,2,0.6,0.465,0.165,1.0475,0.465,0.2345,0.315
19,2,0.6,0.5,0.16,1.015,0.3995,0.1735,0.33
9,2,0.63,0.47,0.145,1.1005,0.52,0.26,0.276
9,0,0.53,0.42,0.135,0.677,0.2565,0.1415,0.21
18,0,0.66,0.525,0.205,1.3665,0.5005,0.291,0.41
10,2,0.67,0.52,0.175,1.4755,0.6275,0.379,0.374
8,1,0.55,0.415,0.145,0.7815,0.373,0.16,0.2215
10,0,0.72,0.55,0.2,1.9965,0.9035,0.469,0.5215
4,1,0.255,0.195,0.055,0.0725,0.0285,0.017,0.021
9,0,0.675,0.53,0.195,1.4985,0.62,0.375,0.425
9,1,0.525,0.39,0.12,0.664,0.3115,0.147,0.178
8,2,0.55,0.44,0.155,0.9155,0.3645,0.195,0.25
8,2,0.545,0.45,0.15,0.7805,0.3795,0.1625,0.216
8,1,0.595,0.46,0.15,0.8335,0.377,0.1925,0.235
10,2,0.58,0.44,0.15,1.0465,0.518,0.2185,0.2795
10,0,0.385,0.305,0.125,0.314,0.146,0.0555,0.08
9,1,0.53,0.425,0.13,0.7675,0.419,0.1205,0.21
7,2,0.365,0.295,0.08,0.2555,0.097,0.043,0.1
11,0,0.615,0.475,0.175,1.194,0.559,0.259,0.3165
11,2,0.65,0.525,0.19,1.6125,0.777,0.3685,0.3965
7,2,0.265,0.2,0.065,0.084,0.034,0.0105,0.03
10,2,0.68,0.54,0.155,1.534,0.671,0.379,0.384
15,1,0.52,0.405,0.14,0.6765,0.2865,0.146,0.205
6,1,0.295,0.215,0.085,0.128,0.049,0.034,0.04
10,0,0.655,0.525,0.175,1.348,0.5855,0.2605,0.394
13,0,0.645,0.5,0.17,1.1845,0.4805,0.274,0.355
18,0,0.745,0.585,0.19,1.966,0.8435,0.437,0.5855
13,2,0.65,0.515,0.18,1.3315,0.5665,0.347,0.405
11,0,0.68,0.56,0.195,1.664,0.58,0.3855,0.545
6,1,0.285,0.215,0.06,0.0935,0.031,0.023,0.03
7,1,0.365,0.265,0.085,0.213,0.0945,0.049,0.06
7,1,0.37,0.27,0.09,0.1855,0.07,0.0425,0.065
7,1,0.425,0.32,0.1,0.3055,0.126,0.06,0.106
11,0,0.58,0.465,0.165,1.1015,0.404,0.2095,0.35
12,0,0.51,0.395,0.12,0.6175,0.262,0.122,0.193
8,0,0.505,0.475,0.16,1.1155,0.509,0.239,0.3065
15,0,0.47,0.36,0.145,0.537,0.1725,0.1375,0.195
13,1,0.515,0.42,0.135,0.711,0.337,0.144,0.205
10,2,0.635,0.525,0.185,1.4065,0.684,0.3,0.3745
10,1,0.65,0.52,0.15,1.238,0.5495,0.296,0.3305
7,1,0.4,0.31,0.1,0.127,0.106,0.071,0.085
8,2,0.45,0.325,0.115,0.4305,0.2235,0.0785,0.1155
9,2,0.725,0.57,0.19,2.3305,1.253,0.541,0.52
11,2,0.675,0.515,0.15,1.312,0.556,0.2845,0.4115
12,2,0.53,0.435,0.135,0.7365,0.3275,0.1315,0.22
10,1,0.57,0.425,0.14,0.7655,0.331,0.14,0.24
9,1,0.48,0.355,0.125,0.494,0.2385,0.0835,0.15
16,0,0.63,0.5,0.155,1.005,0.367,0.199,0.36
8,0,0.58,0.45,0.145,1.137,0.5585,0.22,0.29
11,2,0.52,0.42,0.16,0.745,0.255,0.157,0.2885
9,2,0.58,0.445,0.16,0.984,0.49,0.201,0.27
10,1,0.55,0.43,0.145,0.712,0.3025,0.152,0.225
7,1,0.37,0.28,0.095,0.2655,0.122,0.052,0.08
9,1,0.565,0.435,0.145,0.8445,0.3975,0.158,0.255
10,0,0.52,0.415,0.145,0.8045,0.3325,0.1725,0.285
12,0,0.48,0.38,0.145,0.59,0.232,0.141,0.23
10,0,0.6,0.475,0.155,1.21,0.653,0.1695,0.3205
12,2,0.63,0.49,0.18,1.13,0.458,0.2765,0.315
7,2,0.57,0.46,0.17,0.9035,0.4075,0.1935,0.214
10,1,0.54,0.425,0.13,0.7205,0.2955,0.169,0.225
8,1,0.57,0.44,0.15,0.755,0.3425,0.16,0.224
8,0,0.48,0.38,0.12,0.608,0.2705,0.1405,0.185
5,1,0.3,0.22,0.08,0.121,0.0475,0.042,0.035
7,1,0.315,0.235,0.07,0.149,0.058,0.0325,0.047
15,0,0.52,0.4,0.13,0.6245,0.215,0.2065,0.17
11,0,0.67,0.51,0.155,1.278,0.5605,0.3045,0.358
10,2,0.63,0.51,0.175,1.3415,0.6575,0.262,0.375
6,1,0.275,0.2,0.07,0.096,0.037,0.0225,0.03
10,2,0.595,0.48,0.185,1.1785,0.526,0.2975,0.314
11,2,0.68,0.515,0.16,1.2345,0.618,0.2625,0.325
9,0,0.605,0.5,0.185,1.1185,0.469,0.2585,0.335
14,0,0.615,0.47,0.175,1.2985,0.5135,0.343,0.32
10,2,0.625,0.49,0.175,1.3325,0.5705,0.271,0.405
8,2,0.56,0.415,0.145,0.852,0.43,0.1885,0.205
14,0,0.47,0.355,0.13,0.5465,0.2005,0.126,0.185
6,1,0.44,0.345,0.13,0.4495,0.209,0.0835,0.134
9,2,0.685,0.51,0.18,1.4545,0.6315,0.3105,0.3725
8,1,0.54,0.41,0.135,0.7025,0.31,0.177,0.2
10,0,0.57,0.435,0.15,0.8295,0.3875,0.156,0.245
9,1,0.505,0.38,0.135,0.5385,0.2645,0.095,0.165
8,2,0.49,0.385,0.125,0.649,0.32,0.124,0.1695
7,1,0.345,0.27,0.11,0.2135,0.082,0.0545,0.07
6,1,0.31,0.235,0.07,0.151,0.063,0.0405,0.045
13,0,0.465,0.39,0.11,0.6355,0.1815,0.157,0.225
10,2,0.625,0.515,0.165,1.217,0.667,0.2065,0.3115
10,2,0.535,0.42,0.16,0.7465,0.348,0.1515,0.2185
6,1,0.38,0.275,0.095,0.2425,0.106,0.0485,0.21
8,1,0.455,0.375,0.125,0.533,0.233,0.106,0.185
8,1,0.5,0.36,0.12,0.439,0.1875,0.1055,0.1305
9,0,0.575,0.465,0.14,0.958,0.442,0.1815,0.2705
10,1,0.59,0.45,0.145,1.022,0.428,0.268,0.265
6,1,0.415,0.31,0.09,0.2815,0.1245,0.0615,0.085
17,0,0.715,0.565,0.24,2.1995,0.7245,0.465,0.885
17,0,0.57,0.44,0.14,0.9535,0.3785,0.201,0.305
6,1,0.375,0.285,0.09,0.2545,0.119,0.0595,0.0675
9,0,0.705,0.55,0.17,1.219,0.6395,0.236,0.301
10,0,0.575,0.48,0.17,1.1,0.506,0.2485,0.31
17,0,0.52,0.405,0.14,0.8175,0.2795,0.183,0.26
8,0,0.575,0.435,0.15,1.0305,0.4605,0.218,0.36
6,1,0.275,0.205,0.08,0.096,0.036,0.0185,0.03
16,0,0.515,0.4,0.17,0.796,0.258,0.1755,0.28
9,1,0.535,0.39,0.125,0.599,0.2595,0.149,0.169
21,0,0.49,0.365,0.13,0.6835,0.165,0.1315,0.205
8,1,0.465,0.355,0.12,0.4975,0.2375,0.099,0.14
11,2,0.63,0.49,0.19,1.1775,0.4935,0.3365,0.285
24,2,0.69,0.54,0.185,1.6195,0.533,0.353,0.555
8,2,0.465,0.355,0.105,0.4795,0.227,0.124,0.125
10,2,0.595,0.455,0.15,0.886,0.4315,0.201,0.223
11,0,0.545,0.43,0.165,0.802,0.2935,0.183,0.28
9,2,0.58,0.45,0.16,0.8675,0.3935,0.221,0.215
16,0,0.57,0.465,0.18,0.9995,0.405,0.277,0.295
10,1,0.475,0.365,0.115,0.499,0.232,0.0885,0.156
11,2,0.585,0.43,0.16,0.955,0.3625,0.176,0.27
12,1,0.515,0.39,0.14,0.5555,0.2,0.1135,0.2235
17,1,0.59,0.465,0.195,1.0885,0.3685,0.187,0.375
9,2,0.535,0.435,0.15,0.725,0.269,0.1385,0.25
9,0,0.6,0.45,0.15,0.9625,0.4375,0.2225,0.2775
14,0,0.55,0.435,0.17,0.884,0.2875,0.1645,0.28
12,0,0.595,0.45,0.165,1.081,0.49,0.2525,0.279
9,0,0.58,0.435,0.14,0.953,0.475,0.2165,0.2095
10,2,0.53,0.405,0.15,0.8315,0.352,0.187,0.2525
13,2,0.7,0.54,0.205,1.74,0.7885,0.373,0.4865
10,0,0.62,0.48,0.165,1.0125,0.5325,0.4365,0.324
8,0,0.52,0.375,0.135,0.5375,0.221,0.117,0.17
6,1,0.42,0.305,0.09,0.328,0.168,0.0615,0.082
9,2,0.625,0.48,0.16,1.1415,0.5795,0.2145,0.29
8,1,0.485,0.375,0.13,0.5535,0.266,0.112,0.157
15,2,0.6,0.495,0.165,1.2415,0.485,0.2775,0.34
12,0,0.7,0.545,0.13,1.556,0.6725,0.374,0.195
12,0,0.66,0.535,0.175,1.5175,0.711,0.3125,0.415
11,0,0.575,0.445,0.135,0.883,0.381,0.2035,0.26
11,0,0.61,0.475,0.15,1.1135,0.5195,0.2575,0.3005
7,1,0.475,0.385,0.11,0.5735,0.311,0.1025,0.136
9,2,0.46,0.375,0.13,0.5735,0.2505,0.119,0.195
8,2,0.55,0.44,0.16,0.985,0.4645,0.201,0.27
5,1,0.285,0.21,0.055,0.101,0.0415,0.017,0.0335
8,0,0.61,0.43,0.14,0.909,0.438,0.2,0.22
9,2,0.56,0.43,0.145,0.8995,0.464,0.1775,0.234
8,2,0.355,0.265,0.09,0.168,0.05,0.041,0.063
7,1,0.385,0.3,0.125,0.343,0.1705,0.0735,0.081
11,0,0.525,0.4,0.115,0.6295,0.2555,0.144,0.18
10,2,0.56,0.44,0.16,1.1115,0.5035,0.2785,0.26
14,0,0.485,0.395,0.16,0.66,0.2475,0.128,0.235
6,2,0.3,0.24,0.09,0.161,0.0725,0.039,0.05
8,2,0.53,0.41,0.14,0.7545,0.3495,0.1715,0.2105
14,2,0.65,0.495,0.18,1.793,0.8005,0.339,0.53
8,2,0.555,0.41,0.125,0.599,0.2345,0.1465,0.194
9,1,0.5,0.395,0.14,0.6215,0.2925,0.1205,0.195
10,2,0.66,0.525,0.2,1.489,0.6065,0.3795,0.421
10,0,0.615,0.52,0.15,1.3435,0.629,0.2605,0.345
10,2,0.33,0.25,0.09,0.197,0.085,0.041,0.0605
11,2,0.615,0.485,0.215,0.9615,0.422,0.176,0.29
10,2,0.615,0.475,0.17,1.129,0.4795,0.302,0.3
8,0,0.595,0.435,0.15,0.9,0.4175,0.17,0.265
9,1,0.535,0.4,0.135,0.6025,0.2895,0.121,0.154
10,2,0.64,0.51,0.17,1.3715,0.567,0.307,0.409
16,2,0.645,0.485,0.215,1.514,0.546,0.2615,0.635
8,2,0.485,0.365,0.155,1.029,0.4235,0.2285,0.313
8,2,0.38,0.3,0.1,0.2505,0.106,0.0535,0.0775
13,1,0.62,0.485,0.18,1.1785,0.4675,0.2655,0.39
6,1,0.44,0.34,0.12,0.4995,0.2965,0.0945,0.1185
8,0,0.58,0.46,0.18,1.0515,0.4095,0.2595,0.276
8,2,0.635,0.51,0.185,1.308,0.544,0.318,0.377
11,0,0.605,0.485,0.165,0.9515,0.4535,0.193,0.2765
13,0,0.695,0.55,0.16,1.6365,0.694,0.3005,0.44
11,2,0.645,0.51,0.16,1.1835,0.556,0.2385,0.345
6,1,0.435,0.325,0.1,0.342,0.1335,0.0835,0.105
13,2,0.67,0.51,0.18,1.68,0.926,0.2975,0.3935
9,2,0.595,0.47,0.165,1.108,0.4915,0.2325,0.3345
12,1,0.44,0.35,0.135,0.435,0.1815,0.083,0.125
15,2,0.605,0.47,0.18,1.1405,0.3755,0.2805,0.385
13,0,0.695,0.525,0.205,1.8185,0.819,0.4025,0.4525
13,0,0.69,0.545,0.205,1.933,0.7855,0.429,0.498
7,1,0.45,0.335,0.105,0.362,0.1575,0.0795,0.1095
11,0,0.6,0.5,0.17,1.13,0.4405,0.267,0.335
7,2,0.47,0.37,0.13,0.5225,0.201,0.133,0.165
11,2,0.51,0.395,0.125,0.5805,0.244,0.1335,0.188
9,2,0.645,0.495,0.15,1.2095,0.603,0.2225,0.339
10,2,0.63,0.485,0.165,1.233,0.6565,0.2315,0.3035
8,1,0.49,0.37,0.11,0.538,0.271,0.1035,0.139
10,2,0.64,0.495,0.17,1.139,0.5395,0.282,0.285
8,2,0.645,0.52,0.175,1.561,0.709,0.3555,0.4
8,0,0.595,0.48,0.16,1.2095,0.5225,0.296,0.32
10,2,0.59,0.475,0.14,0.977,0.4625,0.2025,0.275
7,1,0.43,0.32,0.1,0.3855,0.192,0.0745,0.1
10,0,0.55,0.47,0.15,0.9205,0.381,0.2435,0.2675
7,2,0.515,0.39,0.155,0.7125,0.3695,0.137,0.155
9,2,0.6,0.51,0.185,1.285,0.6095,0.2745,0.315
9,2,0.625,0.5,0.17,1.0985,0.4645,0.22,0.354
13,2,0.69,0.515,0.18,1.8445,0.9815,0.4655,0.341
10,0,0.59,0.465,0.17,1.0425,0.4635,0.24,0.27
9,0,0.57,0.43,0.16,0.811,0.3875,0.159,0.2285
23,0,0.55,0.415,0.135,0.775,0.302,0.179,0.26
6,1,0.37,0.28,0.1,0.221,0.1165,0.0265,0.0635
12,0,0.64,0.52,0.175,1.248,0.4245,0.2595,0.48
9,0,0.55,0.415,0.18,1.1655,0.502,0.301,0.311
9,2,0.725,0.55,0.2,1.51,0.8735,0.4265,0.5085
9,2,0.52,0.4,0.145,0.7765,0.3525,0.1845,0.185
10,2,0.625,0.5,0.185,1.2425,0.5995,0.248,0.335
11,0,0.675,0.535,0.185,1.5575,0.7035,0.402,0.4
9,1,0.585,0.42,0.145,0.6735,0.2895,0.1345,0.22
10,0,0.635,0.495,0.175,1.2355,0.5205,0.3085,0.347
10,1,0.55,0.435,0.14,0.7535,0.3285,0.1555,0.2325
10,2,0.625,0.48,0.175,1.065,0.4865,0.259,0.285
12,2,0.665,0.515,0.2,1.2695,0.5115,0.2675,0.436
11,0,0.55,0.43,0.155,0.785,0.289,0.227,0.233
7,0,0.37,0.295,0.1,0.2685,0.1165,0.056,0.0835
10,0,0.7,0.525,0.19,1.6015,0.707,0.365,0.43
10,2,0.45,0.355,0.115,0.478,0.18,0.1185,0.155
23,0,0.62,0.52,0.225,1.1835,0.378,0.27,0.395
6,2,0.36,0.27,0.1,0.217,0.0885,0.0495,0.0715
6,1,0.385,0.29,0.095,0.312,0.143,0.0635,0.086
6,1,0.41,0.305,0.095,0.2625,0.1,0.0515,0.09
7,1,0.365,0.27,0.085,0.2225,0.0935,0.0525,0.066
26,2,0.6,0.495,0.195,1.0575,0.384,0.19,0.375
13,2,0.58,0.46,0.13,0.921,0.357,0.181,0.29
10,1,0.595,0.475,0.155,0.984,0.4865,0.184,0.2755
11,0,0.435,0.35,0.12,0.4585,0.192,0.1,0.13
11,2,0.685,0.535,0.175,1.432,0.637,0.247,0.46
18,1,0.525,0.41,0.175,0.874,0.3585,0.207,0.205
15,2,0.55,0.435,0.145,0.843,0.328,0.1915,0.255
14,1,0.385,0.305,0.095,0.252,0.0915,0.055,0.09
10,0,0.545,0.415,0.2,1.358,0.567,0.318,0.403
11,0,0.655,0.54,0.175,1.5585,0.7285,0.402,0.385
7,1,0.38,0.29,0.085,0.2285,0.088,0.0465,0.075
18,2,0.48,0.395,0.15,0.6815,0.2145,0.1405,0.2495
6,1,0.375,0.26,0.08,0.2075,0.09,0.0415,0.07
9,2,0.46,0.375,0.14,0.5105,0.192,0.1045,0.205
13,2,0.485,0.41,0.15,0.696,0.2405,0.1625,0.265
12,0,0.49,0.38,0.13,0.539,0.229,0.1355,0.165
6,1,0.37,0.28,0.09,0.2565,0.1255,0.0645,0.0645
9,0,0.645,0.49,0.16,1.1665,0.4935,0.3155,0.299
7,2,0.335,0.25,0.09,0.181,0.0755,0.0415,0.06
12,0,0.615,0.495,0.16,1.255,0.5815,0.3195,0.3225
8,2,0.58,0.45,0.155,0.8275,0.321,0.1975,0.2445
6,0,0.51,0.4,0.125,0.545,0.261,0.115,0.1385
17,2,0.655,0.485,0.195,1.62,0.6275,0.358,0.485
8,0,0.6,0.5,0.155,1.332,0.6235,0.2835,0.35
7,1,0.44,0.335,0.11,0.3885,0.175,0.0835,0.111
8,1,0.515,0.385,0.125,0.6115,0.3175,0.1265,0.15
8,1,0.49,0.375,0.115,0.4615,0.204,0.0945,0.143
9,1,0.475,0.36,0.11,0.4555,0.177,0.0965,0.145
7,2,0.46,0.345,0.11,0.4595,0.235,0.0885,0.116
4,1,0.2,0.15,0.04,0.046,0.021,0.007,0.0065
11,0,0.73,0.58,0.19,1.7375,0.6785,0.4345,0.52
9,0,0.54,0.42,0.14,0.8035,0.38,0.1805,0.21
21,1,0.53,0.415,0.145,0.944,0.3845,0.185,0.265
8,0,0.38,0.305,0.095,0.2815,0.1255,0.0525,0.09
12,0,0.655,0.5,0.14,1.1705,0.5405,0.3175,0.285
12,0,0.66,0.5,0.155,1.3765,0.6485,0.288,0.335
14,2,0.68,0.53,0.205,1.496,0.5825,0.337,0.465
8,2,0.465,0.375,0.11,0.5,0.21,0.113,0.1505
8,2,0.535,0.41,0.12,0.6835,0.3125,0.1655,0.159
7,1,0.46,0.345,0.11,0.3755,0.1525,0.058,0.125
11,2,0.68,0.515,0.17,1.6115,0.8415,0.306,0.395
13,2,0.655,0.535,0.205,1.6445,0.7305,0.3595,0.46
8,1,0.5,0.395,0.145,0.7865,0.332,0.1815,0.2455
11,2,0.68,0.53,0.18,1.529,0.7635,0.3115,0.4025
12,0,0.74,0.565,0.205,2.119,0.9655,0.5185,0.482
7,1,0.41,0.31,0.09,0.339,0.155,0.0695,0.09
6,1,0.325,0.24,0.075,0.152,0.065,0.0305,0.045
10,0,0.6,0.455,0.145,0.8895,0.419,0.1715,0.269
8,1,0.47,0.375,0.12,0.487,0.196,0.099,0.135
10,2,0.59,0.49,0.165,1.207,0.559,0.235,0.309
8,1,0.38,0.27,0.08,0.2105,0.0865,0.042,0.07
8,0,0.5,0.4,0.14,0.6615,0.2565,0.1755,0.22
6,1,0.335,0.26,0.085,0.192,0.097,0.03,0.054
11,0,0.585,0.42,0.155,1.034,0.437,0.2225,0.32
11,0,0.52,0.405,0.12,0.627,0.2645,0.1415,0.181
12,2,0.545,0.44,0.12,0.8565,0.3475,0.1715,0.24
9,1,0.365,0.295,0.095,0.25,0.1075,0.0545,0.08
8,1,0.55,0.425,0.13,0.664,0.2695,0.163,0.21
9,2,0.44,0.375,0.13,0.487,0.226,0.0965,0.155
12,0,0.675,0.525,0.17,1.8095,0.784,0.391,0.455
8,1,0.485,0.375,0.14,0.521,0.2,0.123,0.17
9,0,0.57,0.445,0.15,0.995,0.504,0.185,0.2505
7,1,0.35,0.26,0.095,0.211,0.086,0.056,0.068
7,2,0.31,0.225,0.08,0.1345,0.054,0.024,0.05
8,2,0.575,0.45,0.165,0.9655,0.498,0.19,0.23
13,0,0.585,0.42,0.155,0.9845,0.442,0.2155,0.2875
8,2,0.63,0.47,0.155,1.1325,0.589,0.211,0.287
14,0,0.63,0.5,0.16,1.22,0.4905,0.3,0.345
11,0,0.595,0.47,0.155,1.121,0.4515,0.178,0.155
8,1,0.35,0.255,0.09,0.1785,0.0855,0.0305,0.0525
10,2,0.465,0.36,0.13,0.5265,0.2105,0.1185,0.165
16,0,0.645,0.52,0.21,1.5535,0.616,0.3655,0.474
10,0,0.5,0.4,0.125,0.6675,0.261,0.1315,0.22
20,0,0.57,0.45,0.17,1.098,0.414,0.187,0.405
7,1,0.39,0.31,0.085,0.344,0.181,0.0695,0.079
10,2,0.59,0.465,0.165,1.115,0.5165,0.273,0.275
4,1,0.245,0.18,0.065,0.071,0.03,0.013,0.0215
10,2,0.4,0.315,0.105,0.287,0.1135,0.037,0.113
8,2,0.44,0.32,0.12,0.4565,0.2435,0.092,0.1025
7,0,0.52,0.46,0.15,1.019,0.523,0.1985,0.254
8,1,0.495,0.38,0.145,0.5,0.205,0.148,0.1505
10,2,0.535,0.44,0.165,0.875,0.279,0.18,0.3
9,2,0.355,0.29,0.09,0.3275,0.134,0.086,0.09
9,2,0.455,0.34,0.135,0.462,0.1675,0.158,0.12
15,1,0.66,0.525,0.18,1.6935,0.6025,0.4005,0.42
11,1,0.54,0.4,0.145,0.757,0.315,0.181,0.215
5,1,0.36,0.26,0.08,0.1795,0.074,0.0315,0.06
8,1,0.51,0.39,0.125,0.597,0.293,0.1265,0.1555
14,2,0.515,0.38,0.175,0.9565,0.325,0.158,0.31
9,0,0.56,0.435,0.15,0.8715,0.4755,0.1835,0.1835
9,1,0.67,0.485,0.175,1.2565,0.5355,0.322,0.386
12,2,0.555,0.44,0.15,0.755,0.307,0.1525,0.26
6,2,0.385,0.3,0.115,0.3435,0.1645,0.085,0.1025
6,1,0.345,0.255,0.095,0.183,0.075,0.0385,0.06
5,1,0.24,0.17,0.05,0.0545,0.0205,0.016,0.0155
10,2,0.59,0.455,0.155,0.8855,0.388,0.188,0.275
11,2,0.65,0.505,0.19,1.274,0.59,0.23,0.391
11,0,0.62,0.54,0.165,1.139,0.4995,0.2435,0.357
6,0,0.475,0.36,0.12,0.5915,0.3245,0.11,0.127
8,0,0.45,0.355,0.105,0.5225,0.237,0.1165,0.145
6,1,0.35,0.27,0.09,0.2055,0.075,0.0575,0.062
6,2,0.335,0.26,0.075,0.22,0.0855,0.04,0.085
8,1,0.555,0.43,0.125,0.7005,0.3395,0.1355,0.2095
9,0,0.63,0.495,0.145,1.147,0.5455,0.266,0.2885
10,0,0.535,0.4,0.15,1.224,0.618,0.275,0.2875
9,1,0.5,0.38,0.135,0.594,0.2945,0.104,0.1565
10,0,0.665,0.5,0.15,1.2475,0.4625,0.2955,0.3595
10,2,0.535,0.42,0.145,0.791,0.33,0.189,0.25
14,0,0.73,0.55,0.205,1.908,0.5415,0.3565,0.5965
14,2,0.5,0.385,0.12,0.6335,0.2305,0.125,0.235
10,0,0.6,0.5,0.16,1.122,0.5095,0.256,0.309
12,0,0.45,0.36,0.11,0.447,0.203,0.082,0.13
9,0,0.46,0.355,0.13,0.517,0.2205,0.114,0.165
7,1,0.435,0.315,0.11,0.3685,0.1615,0.0715,0.12
9,1,0.53,0.415,0.13,0.694,0.3905,0.111,0.167
8,1,0.435,0.34,0.11,0.3795,0.1495,0.085,0.12
7,1,0.405,0.3,0.085,0.3035,0.15,0.0505,0.088
13,0,0.435,0.35,0.11,0.384,0.143,0.1005,0.125
13,2,0.76,0.605,0.215,2.173,0.801,0.4915,0.646
9,0,0.58,0.45,0.17,0.9705,0.4615,0.232,0.248
9,2,0.59,0.435,0.165,0.9765,0.4525,0.2395,0.235
9,2,0.345,0.27,0.09,0.195,0.078,0.0455,0.059
10,1,0.57,0.43,0.145,0.833,0.354,0.144,0.2815
9,2,0.525,0.4,0.155,0.707,0.282,0.1605,0.225
9,0,0.635,0.495,0.175,1.211,0.707,0.2725,0.323
9,1,0.53,0.42,0.14,0.6765,0.256,0.1855,0.208
8,2,0.47,0.375,0.115,0.4265,0.1685,0.0755,0.15
9,1,0.53,0.415,0.11,0.5745,0.2525,0.1235,0.189
8,1,0.485,0.37,0.14,0.5065,0.2425,0.088,0.1465
10,1,0.465,0.325,0.14,0.7615,0.362,0.1535,0.209
9,0,0.525,0.425,0.16,0.8355,0.3545,0.2135,0.245
8,1,0.415,0.31,0.095,0.311,0.1125,0.0625,0.115
23,2,0.63,0.485,0.175,1.3,0.4335,0.2945,0.46
18,2,0.605,0.49,0.18,1.227,0.48,0.287,0.35
7,1,0.475,0.35,0.1,0.4545,0.2165,0.111,0.115
8,1,0.42,0.325,0.115,0.354,0.1625,0.064,0.105
5,1,0.175,0.125,0.05,0.0235,0.008,0.0035,0.008
8,0,0.555,0.44,0.145,0.8815,0.43,0.1975,0.2155
10,1,0.58,0.46,0.14,0.9265,0.4135,0.1845,0.27
9,0,0.47,0.365,0.105,0.4205,0.163,0.1035,0.14
6,1,0.415,0.31,0.095,0.34,0.181,0.057,0.083
12,2,0.52,0.4,0.165,0.8565,0.2745,0.201,0.21
16,2,0.59,0.5,0.2,1.187,0.412,0.2705,0.37
8,2,0.475,0.37,0.125,0.649,0.347,0.136,0.142
17,0,0.665,0.555,0.195,1.4385,0.581,0.354,0.36
10,0,0.695,0.56,0.185,1.7715,0.8195,0.331,0.437
11,0,0.53,0.415,0.115,0.5915,0.233,0.1585,0.18
12,2,0.605,0.445,0.14,0.982,0.4295,0.2085,0.295
5,2,0.28,0.2,0.08,0.0915,0.033,0.0215,0.03
9,2,0.57,0.45,0.14,0.795,0.3385,0.148,0.245
9,0,0.575,0.46,0.16,1.103,0.538,0.221,0.249
11,0,0.625,0.495,0.16,1.1115,0.4495,0.2825,0.345
12,0,0.67,0.525,0.19,1.527,0.5755,0.353,0.44
5,1,0.235,0.175,0.08,0.0645,0.0215,0.0175,0.0215
7,1,0.43,0.34,0.11,0.3645,0.159,0.0855,0.105
8,0,0.36,0.265,0.09,0.2065,0.078,0.057,0.06
12,0,0.56,0.46,0.18,0.97,0.342,0.196,0.355
10,0,0.625,0.49,0.155,1.33,0.6675,0.259,0.33
10,2,0.46,0.365,0.125,0.467,0.1895,0.0945,0.158
8,0,0.525,0.415,0.14,0.724,0.3475,0.173,0.175
9,2,0.35,0.255,0.08,0.1915,0.08,0.0385,0.063
9,1,0.465,0.37,0.115,0.4075,0.1515,0.0935,0.1455
16,2,0.545,0.45,0.16,0.8615,0.2925,0.1545,0.365
10,0,0.64,0.5,0.175,1.394,0.4935,0.291,0.4
10,1,0.575,0.45,0.15,0.858,0.449,0.166,0.215
8,0,0.55,0.425,0.125,0.964,0.5475,0.159,0.215
15,2,0.445,0.345,0.14,0.476,0.2055,0.1015,0.1085
10,2,0.61,0.45,0.15,0.871,0.407,0.1835,0.25
18,2,0.525,0.425,0.12,0.8665,0.2825,0.176,0.29
6,1,0.31,0.24,0.105,0.2885,0.118,0.065,0.083
14,2,0.63,0.505,0.165,1.26,0.4525,0.2755,0.406
7,1,0.355,0.27,0.1,0.2255,0.11,0.042,0.064
7,1,0.46,0.35,0.11,0.4,0.176,0.083,0.1205
7,2,0.54,0.41,0.13,0.56,0.2375,0.1065,0.175
10,0,0.585,0.465,0.145,0.9855,0.4325,0.2145,0.2845
8,1,0.525,0.4,0.11,0.6275,0.3015,0.126,0.18
8,2,0.59,0.465,0.135,0.9895,0.4235,0.199,0.28
10,1,0.56,0.44,0.14,0.825,0.402,0.139,0.245
11,0,0.725,0.57,0.205,1.6195,0.744,0.315,0.488
11,2,0.48,0.375,0.12,0.5895,0.2535,0.128,0.172
7,1,0.44,0.34,0.1,0.407,0.209,0.0735,0.103
13,0,0.5,0.4,0.15,0.8085,0.273,0.112,0.295
6,1,0.325,0.245,0.07,0.161,0.0755,0.0255,0.045
6,1,0.475,0.35,0.11,0.4565,0.206,0.099,0.13
10,0,0.595,0.465,0.15,0.98,0.4115,0.196,0.2255
8,0,0.64,0.51,0.165,1.486,0.7595,0.332,0.321
11,0,0.625,0.52,0.18,1.354,0.4845,0.351,0.375
6,1,0.425,0.34,0.105,0.389,0.2015,0.0905,0.088
11,0,0.685,0.565,0.175,1.638,0.7775,0.375,0.438
9,2,0.555,0.44,0.14,0.8705,0.407,0.156,0.255
10,2,0.575,0.435,0.13,1.0105,0.368,0.222,0.32
9,1,0.605,0.47,0.145,0.8025,0.379,0.2265,0.22
8,1,0.455,0.345,0.105,0.4005,0.164,0.0755,0.126
7,1,0.42,0.305,0.1,0.3415,0.1645,0.0775,0.086
10,0,0.615,0.48,0.165,1.1615,0.513,0.301,0.305
10,0,0.545,0.41,0.125,0.654,0.2945,0.1315,0.205
18,0,0.725,0.56,0.21,2.141,0.65,0.398,1.005
10,2,0.6,0.46,0.18,1.14,0.423,0.2575,0.365
8,1,0.375,0.285,0.1,0.239,0.105,0.0555,0.07
9,0,0.56,0.44,0.155,0.9705,0.4315,0.263,0.255
5,1,0.29,0.21,0.07,0.1115,0.048,0.0205,0.03
10,0,0.655,0.51,0.175,1.415,0.5885,0.3725,0.364
11,2,0.605,0.49,0.165,1.1245,0.492,0.222,0.3555
10,1,0.55,0.415,0.15,0.7915,0.3535,0.176,0.236
9,0,0.505,0.4,0.165,0.729,0.2675,0.155,0.25
8,2,0.45,0.355,0.115,0.479,0.2125,0.1045,0.15
11,1,0.52,0.41,0.14,0.6625,0.2775,0.1555,0.196
12,2,0.665,0.52,0.175,1.3725,0.606,0.32,0.395
10,2,0.65,0.515,0.175,1.466,0.677,0.3045,0.4
9,1,0.575,0.455,0.16,0.9895,0.495,0.195,0.246
5,0,0.275,0.195,0.07,0.08,0.031,0.0215,0.025
10,2,0.55,0.43,0.13,0.8395,0.3155,0.1955,0.2405
9,0,0.49,0.4,0.115,0.569,0.256,0.1325,0.145
10,2,0.63,0.5,0.185,1.362,0.5785,0.3125,0.384
10,0,0.63,0.5,0.185,1.383,0.54,0.3315,0.38
10,0,0.41,0.325,0.105,0.3635,0.159,0.077,0.12
8,1,0.465,0.355,0.12,0.5805,0.255,0.0915,0.184
7,2,0.205,0.155,0.045,0.0425,0.017,0.0055,0.0155
6,1,0.435,0.33,0.11,0.413,0.2055,0.096,0.096
8,2,0.51,0.39,0.135,0.769,0.3935,0.1455,0.19
14,0,0.5,0.44,0.155,0.742,0.2025,0.2005,0.2115
8,2,0.535,0.435,0.14,0.874,0.3735,0.229,0.2195
10,2,0.61,0.49,0.16,1.112,0.465,0.228,0.341
11,2,0.625,0.47,0.17,1.1665,0.4605,0.2565,0.3945
7,1,0.315,0.24,0.085,0.1715,0.071,0.0345,0.0535
13,2,0.62,0.505,0.185,1.5275,0.69,0.368,0.35
7,1,0.45,0.335,0.11,0.4195,0.181,0.085,0.1345
8,1,0.405,0.31,0.095,0.3425,0.1785,0.064,0.0855
9,0,0.625,0.49,0.155,1.115,0.484,0.277,0.3095
10,2,0.34,0.265,0.085,0.1835,0.077,0.046,0.065
7,1,0.51,0.375,0.1,0.5785,0.238,0.1225,0.175
19,1,0.52,0.39,0.14,0.7325,0.2415,0.144,0.26
8,2,0.59,0.47,0.15,0.9955,0.481,0.232,0.24
9,1,0.48,0.37,0.125,0.5435,0.244,0.101,0.165
7,0,0.61,0.485,0.18,1.2795,0.5735,0.2855,0.355
9,2,0.59,0.475,0.165,1.077,0.4545,0.244,0.3095
8,1,0.43,0.34,0.1,0.3405,0.1395,0.0665,0.12
10,0,0.66,0.495,0.21,1.548,0.724,0.3525,0.3925
7,1,0.365,0.275,0.09,0.2345,0.108,0.051,0.0625
4,1,0.3,0.215,0.05,0.1185,0.048,0.0225,0.042
10,1,0.47,0.375,0.105,0.468,0.1665,0.108,0.17
9,2,0.625,0.495,0.175,1.254,0.5815,0.286,0.3185
10,2,0.47,0.37,0.105,0.4665,0.2025,0.1015,0.155
7,1,0.32,0.235,0.09,0.183,0.098,0.0335,0.042
16,0,0.74,0.6,0.195,1.974,0.598,0.4085,0.71
20,0,0.53,0.415,0.15,0.7775,0.237,0.1415,0.33
13,0,0.67,0.545,0.175,1.707,0.6995,0.387,0.575
10,0,0.575,0.47,0.155,1.116,0.509,0.238,0.34
12,0,0.61,0.49,0.17,1.137,0.4605,0.2825,0.344
10,2,0.66,0.53,0.175,1.583,0.7395,0.3505,0.405
8,1,0.3,0.23,0.08,0.1275,0.0435,0.0265,0.04
7,1,0.395,0.31,0.095,0.313,0.131,0.072,0.093
9,0,0.605,0.49,0.15,1.1345,0.5265,0.2645,0.295
9,2,0.545,0.41,0.12,0.793,0.434,0.1405,0.19
9,1,0.445,0.36,0.11,0.4235,0.182,0.0765,0.14
10,2,0.59,0.44,0.135,0.966,0.439,0.2145,0.2605
10,2,0.515,0.405,0.13,0.722,0.32,0.131,0.21
17,2,0.595,0.48,0.165,1.262,0.4835,0.283,0.41
9,2,0.5,0.405,0.14,0.6155,0.241,0.1355,0.205
10,0,0.58,0.425,0.155,0.873,0.3615,0.249,0.239
15,0,0.71,0.575,0.175,1.555,0.6465,0.3705,0.52
7,2,0.27,0.195,0.07,0.106,0.0465,0.018,0.036
10,0,0.555,0.44,0.14,0.846,0.346,0.1715,0.2735
13,2,0.35,0.255,0.085,0.2145,0.1,0.0465,0.06
17,2,0.63,0.51,0.23,1.539,0.5635,0.2815,0.57
12,0,0.69,0.55,0.2,1.569,0.687,0.3675,0.46
12,0,0.59,0.455,0.165,1.161,0.38,0.2455,0.28
15,1,0.555,0.455,0.17,0.8435,0.309,0.1905,0.3
18,2,0.71,0.54,0.165,1.959,0.7665,0.261,0.78
13,2,0.62,0.48,0.16,1.0765,0.412,0.253,0.3
15,0,0.62,0.47,0.225,1.115,0.378,0.2145,0.36
11,0,0.61,0.485,0.165,1.087,0.4255,0.232,0.38
8,1,0.525,0.395,0.12,0.608,0.297,0.1395,0.1405
10,2,0.74,0.57,0.18,1.8725,0.9115,0.427,0.446
6,1,0.58,0.435,0.15,0.8915,0.363,0.1925,0.2515
8,0,0.55,0.415,0.135,0.8145,0.427,0.1855,0.175
20,2,0.53,0.415,0.13,0.8425,0.275,0.1945,0.265
9,2,0.64,0.5,0.17,1.4545,0.642,0.3575,0.354
8,1,0.36,0.27,0.095,0.2,0.073,0.056,0.061
9,0,0.54,0.42,0.13,0.7505,0.368,0.1675,0.1845
11,2,0.505,0.4,0.13,0.764,0.3035,0.189,0.2175
11,1,0.625,0.485,0.16,1.15,0.5255,0.257,0.3315
7,1,0.34,0.25,0.07,0.2225,0.104,0.0425,0.055
5,1,0.35,0.265,0.095,0.199,0.073,0.049,0.06
13,2,0.7,0.55,0.2,1.523,0.693,0.306,0.4405
19,0,0.645,0.525,0.19,1.4635,0.6615,0.3435,0.435
20,2,0.65,0.515,0.175,1.4805,0.5295,0.272,0.525
20,1,0.53,0.42,0.185,0.752,0.299,0.156,0.205
12,0,0.705,0.535,0.18,1.685,0.693,0.42,0.4045
9,0,0.685,0.535,0.175,1.5845,0.7175,0.3775,0.4215
16,0,0.57,0.435,0.14,0.8085,0.3235,0.183,0.22
7,2,0.62,0.46,0.17,1.127,0.535,0.2635,0.296
7,1,0.4,0.3,0.09,0.2815,0.1185,0.061,0.08
10,2,0.585,0.47,0.165,1.409,0.8,0.229,0.295
9,0,0.505,0.38,0.135,0.6855,0.361,0.1565,0.161
4,1,0.36,0.27,0.085,0.196,0.0875,0.035,0.064
13,0,0.45,0.36,0.125,0.4995,0.2035,0.1,0.17
9,2,0.645,0.515,0.16,1.1845,0.506,0.311,0.335
6,1,0.28,0.205,0.07,0.1015,0.041,0.03,0.03
10,2,0.46,0.35,0.12,0.515,0.224,0.108,0.1565
10,1,0.47,0.37,0.14,0.4985,0.2095,0.1225,0.145
8,1,0.45,0.35,0.13,0.547,0.245,0.1405,0.1405
9,0,0.605,0.455,0.145,0.9775,0.468,0.1775,0.275
11,0,0.6,0.47,0.135,0.97,0.4655,0.1955,0.264
10,2,0.61,0.48,0.17,1.137,0.4565,0.29,0.347
14,0,0.57,0.46,0.17,1.1,0.4125,0.2205,0.38
21,0,0.63,0.485,0.19,1.2435,0.4635,0.3055,0.39
14,0,0.595,0.485,0.145,1.2515,0.5035,0.2925,0.33
11,1,0.53,0.395,0.125,0.6235,0.2975,0.108,0.195
10,1,0.68,0.53,0.185,1.1095,0.439,0.245,0.34
12,0,0.61,0.47,0.195,1.2735,0.469,0.3315,0.398
10,2,0.29,0.225,0.08,0.1295,0.0535,0.026,0.045
2,1,0.15,0.1,0.025,0.015,0.0045,0.004,0.005
9,1,0.545,0.4,0.13,0.686,0.3285,0.1455,0.18
9,0,0.655,0.51,0.15,1.043,0.4795,0.223,0.305
8,1,0.51,0.405,0.125,0.6795,0.3465,0.1395,0.182
11,1,0.61,0.425,0.155,1.0485,0.507,0.1955,0.274
8,2,0.61,0.48,0.14,1.031,0.4375,0.2615,0.27
10,2,0.62,0.48,0.15,1.1015,0.4965,0.243,0.305
10,0,0.415,0.305,0.105,0.3605,0.12,0.082,0.1
8,1,0.475,0.36,0.145,0.6325,0.2825,0.137,0.19
6,1,0.255,0.19,0.05,0.083,0.0295,0.0215,0.027
9,2,0.525,0.425,0.19,0.872,0.4625,0.1725,0.199
13,2,0.515,0.42,0.14,0.769,0.2505,0.154,0.29
12,1,0.55,0.42,0.135,0.816,0.3995,0.1485,0.23
7,1,0.39,0.295,0.095,0.203,0.0875,0.045,0.075
11,0,0.64,0.5,0.18,1.4995,0.593,0.314,0.431
16,0,0.6,0.48,0.15,1.029,0.4085,0.2705,0.295
8,2,0.505,0.365,0.115,0.521,0.25,0.096,0.15
10,2,0.555,0.46,0.16,0.86,0.3345,0.1935,0.275
13,0,0.625,0.475,0.13,0.8595,0.3195,0.1775,0.24
10,0,0.45,0.36,0.125,0.5065,0.222,0.105,0.16
10,0,0.505,0.375,0.115,0.5895,0.2635,0.12,0.167
13,0,0.72,0.575,0.17,1.9335,0.913,0.389,0.51
14,2,0.64,0.51,0.19,1.613,0.6215,0.361,0.47
11,1,0.51,0.405,0.12,0.61,0.229,0.131,0.235
16,2,0.575,0.45,0.16,0.955,0.44,0.1685,0.27
11,1,0.58,0.47,0.15,0.907,0.444,0.1855,0.2445
9,0,0.645,0.51,0.16,1.2415,0.5815,0.276,0.315
10,2,0.625,0.48,0.17,1.3555,0.671,0.268,0.3385
6,1,0.415,0.31,0.105,0.3595,0.167,0.083,0.0915
9,2,0.345,0.255,0.09,0.2005,0.094,0.0295,0.063
10,0,0.615,0.485,0.16,1.1575,0.5005,0.2495,0.315
6,1,0.415,0.315,0.09,0.3625,0.175,0.0835,0.093
11,2,0.66,0.515,0.2,1.6465,0.749,0.422,0.401
9,1,0.52,0.41,0.145,0.646,0.2965,0.1595,0.165
9,2,0.65,0.51,0.19,1.542,0.7155,0.3735,0.375
14,1,0.58,0.42,0.16,0.728,0.2725,0.19,0.19
6,1,0.385,0.265,0.08,0.251,0.124,0.037,0.07
10,2,0.63,0.495,0.18,1.31,0.495,0.295,0.4695
9,1,0.51,0.455,0.135,0.6855,0.2875,0.154,0.2035
6,1,0.37,0.275,0.085,0.2045,0.096,0.056,0.08
9,2,0.525,0.42,0.155,0.842,0.428,0.1415,0.2045
10,0,0.595,0.46,0.155,1.0455,0.4565,0.24,0.3085
12,0,0.47,0.355,0.14,0.433,0.1525,0.095,0.152
4,1,0.135,0.13,0.04,0.029,0.0125,0.0065,0.008
5,1,0.27,0.195,0.065,0.1065,0.0475,0.0225,0.0285
13,2,0.615,0.49,0.17,1.145,0.4915,0.208,0.343
9,1,0.58,0.42,0.14,0.701,0.3285,0.102,0.2255
7,1,0.37,0.275,0.1,0.22,0.094,0.045,0.065
11,2,0.74,0.595,0.19,2.3235,1.1495,0.5115,0.505
9,2,0.545,0.41,0.14,0.737,0.349,0.15,0.212
9,0,0.67,0.54,0.2,1.46,0.6435,0.328,0.4165
12,2,0.595,0.47,0.15,0.8915,0.359,0.2105,0.245
7,1,0.305,0.245,0.075,0.156,0.0675,0.038,0.045
8,0,0.585,0.45,0.16,0.9045,0.405,0.2215,0.2335
10,0,0.605,0.475,0.175,1.382,0.609,0.2325,0.3985
7,0,0.585,0.45,0.15,0.938,0.467,0.203,0.225
9,2,0.5,0.37,0.15,1.0615,0.494,0.223,0.296
10,0,0.52,0.425,0.15,0.813,0.385,0.2015,0.23
14,2,0.55,0.45,0.175,1.0985,0.3765,0.215,0.4
7,1,0.385,0.3,0.1,0.2895,0.1215,0.063,0.09
9,0,0.595,0.46,0.16,0.921,0.4005,0.2025,0.2875
8,0,0.465,0.35,0.11,0.4085,0.165,0.102,0.131
10,0,0.49,0.365,0.145,0.6345,0.1995,0.1625,0.22
9,2,0.575,0.465,0.12,1.0535,0.516,0.2185,0.235
11,1,0.55,0.43,0.145,0.7895,0.3745,0.171,0.223
8,1,0.405,0.31,0.09,0.312,0.138,0.06,0.087
8,0,0.58,0.445,0.15,0.858,0.4,0.156,0.253
13,2,0.62,0.515,0.175,1.221,0.535,0.241,0.395
12,0,0.71,0.57,0.195,1.9805,0.9925,0.4925,0.48
7,2,0.48,0.365,0.12,0.6015,0.312,0.117,0.14
11,2,0.67,0.545,0.2,1.7025,0.833,0.374,0.41
11,0,0.61,0.49,0.17,1.3475,0.7045,0.25,0.3045
9,1,0.505,0.425,0.125,0.6115,0.245,0.1375,0.2
9,1,0.42,0.325,0.125,0.3915,0.1575,0.1025,0.115
6,1,0.215,0.17,0.055,0.0605,0.0205,0.014,0.02
12,0,0.635,0.51,0.185,1.286,0.526,0.295,0.4105
10,2,0.66,0.51,0.18,1.261,0.5,0.2335,0.339
11,0,0.655,0.51,0.155,1.2895,0.5345,0.2855,0.41
10,2,0.66,0.52,0.19,1.558,0.755,0.298,0.4
9,0,0.595,0.455,0.14,0.914,0.3895,0.2225,0.271
10,2,0.625,0.52,0.175,1.4105,0.691,0.322,0.3465
15,2,0.555,0.435,0.135,0.858,0.377,0.1585,0.29
10,0,0.73,0.555,0.18,1.6895,0.6555,0.1965,0.4935
6,1,0.335,0.25,0.08,0.183,0.0735,0.04,0.0575
11,0,0.67,0.53,0.225,1.5615,0.63,0.487,0.3725
9,0,0.64,0.475,0.175,1.1545,0.4865,0.341,0.288
7,0,0.455,0.35,0.12,0.4555,0.1945,0.1045,0.1375
10,0,0.58,0.5,0.165,0.925,0.37,0.185,0.3005
7,1,0.435,0.335,0.11,0.334,0.1355,0.0775,0.0965
13,1,0.43,0.325,0.11,0.3675,0.1355,0.0935,0.12
10,0,0.625,0.495,0.165,1.262,0.507,0.318,0.39
9,2,0.5,0.365,0.13,0.5945,0.309,0.1085,0.1535
11,2,0.56,0.435,0.18,0.889,0.36,0.204,0.25
14,0,0.635,0.535,0.19,1.242,0.576,0.2475,0.39
9,2,0.645,0.49,0.16,1.251,0.5355,0.3345,0.3165
11,2,0.66,0.505,0.19,1.4385,0.6775,0.285,0.178
4,2,0.165,0.125,0.04,0.0245,0.0095,0.0045,0.008
10,0,0.47,0.36,0.12,0.4775,0.2105,0.1055,0.15
10,2,0.715,0.565,0.175,1.9525,0.7645,0.4185,0.4135
6,1,0.415,0.31,0.1,0.2805,0.114,0.0565,0.0975
11,2,0.645,0.49,0.175,1.32,0.6525,0.2375,0.3385
11,1,0.55,0.42,0.115,0.668,0.2925,0.137,0.209
6,1,0.31,0.225,0.05,0.1445,0.0675,0.0385,0.045
9,0,0.635,0.505,0.17,1.2635,0.512,0.322,0.355
10,0,0.585,0.45,0.16,1.077,0.4995,0.2875,0.25
8,2,0.53,0.4,0.125,0.7575,0.398,0.151,0.175
12,0,0.645,0.51,0.18,1.6195,0.7815,0.322,0.4675
9,1,0.525,0.4,0.14,0.6055,0.2605,0.108,0.21
6,1,0.32,0.225,0.085,0.1415,0.0675,0.0295,0.0405
14,0,0.615,0.475,0.17,1.1025,0.4695,0.2355,0.345
9,1,0.515,0.4,0.135,0.636,0.3055,0.1215,0.1855
9,0,0.55,0.405,0.125,0.651,0.2965,0.137,0.2
6,1,0.435,0.33,0.095,0.393,0.219,0.075,0.0885
11,0,0.475,0.38,0.145,0.57,0.167,0.118,0.187
9,1,0.575,0.445,0.17,0.8015,0.3475,0.1465,0.25
16,0,0.625,0.525,0.215,1.5765,0.5115,0.2595,0.665
8,1,0.45,0.35,0.12,0.468,0.2005,0.1065,0.1325
5,2,0.2,0.14,0.055,0.035,0.0145,0.008,0.01
9,1,0.335,0.24,0.095,0.17,0.062,0.039,0.055
16,0,0.615,0.5,0.205,1.1055,0.4445,0.227,0.39
6,1,0.465,0.345,0.105,0.4015,0.242,0.0345,0.109
10,0,0.5,0.395,0.14,0.7155,0.3165,0.176,0.24
10,0,0.495,0.385,0.13,0.6905,0.3125,0.179,0.175
9,2,0.45,0.32,0.1,0.381,0.1705,0.075,0.115
10,2,0.585,0.49,0.185,1.171,0.522,0.2535,0.335
8,2,0.515,0.39,0.14,0.678,0.341,0.1325,0.119
14,2,0.73,0.585,0.225,2.2305,1.2395,0.422,0.563
11,2,0.635,0.495,0.15,1.081,0.4825,0.242,0.31
6,2,0.495,0.4,0.155,0.8085,0.2345,0.1155,0.35
7,1,0.46,0.365,0.115,0.511,0.2365,0.118,0.123
9,2,0.635,0.51,0.17,1.3555,0.619,0.305,0.39
11,2,0.5,0.4,0.145,0.6025,0.216,0.138,0.21
20,0,0.585,0.47,0.17,1.099,0.3975,0.2325,0.358
11,2,0.6,0.475,0.15,1.089,0.5195,0.223,0.292
12,2,0.71,0.555,0.195,1.9485,0.9455,0.3765,0.495
8,2,0.6,0.41,0.145,0.939,0.4475,0.196,0.268
11,0,0.41,0.305,0.1,0.363,0.1735,0.065,0.11
10,2,0.635,0.49,0.16,1.101,0.534,0.1865,0.3455
8,0,0.47,0.36,0.1,0.4705,0.1635,0.089,0.1385
9,2,0.66,0.515,0.195,1.5655,0.7345,0.353,0.386
9,1,0.53,0.405,0.13,0.6615,0.2945,0.1395,0.19
10,2,0.695,0.56,0.185,1.74,0.885,0.3715,0.4375
10,0,0.575,0.42,0.19,1.764,0.914,0.377,0.4095
9,1,0.585,0.45,0.135,0.855,0.3795,0.187,0.26
7,1,0.465,0.37,0.115,0.534,0.261,0.098,0.143
9,2,0.63,0.49,0.155,1.2525,0.63,0.246,0.289
11,2,0.64,0.505,0.155,1.1955,0.5565,0.211,0.346
9,2,0.6,0.45,0.145,0.877,0.4325,0.155,0.24
11,2,0.645,0.5,0.175,1.3385,0.633,0.299,0.349
15,2,0.66,0.535,0.2,1.791,0.733,0.318,0.54
9,1,0.44,0.34,0.12,0.438,0.2115,0.083,0.12
8,1,0.53,0.43,0.14,0.677,0.298,0.0965,0.23
7,1,0.445,0.31,0.09,0.336,0.1555,0.09,0.0855
9,2,0.6,0.475,0.175,1.11,0.5105,0.256,0.285
7,1,0.48,0.36,0.125,0.542,0.2795,0.1025,0.147
8,0,0.455,0.355,1.13,0.594,0.332,0.116,0.1335
9,0,0.69,0.53,0.17,1.5535,0.7945,0.3485,0.3695
10,0,0.6,0.47,0.19,1.1345,0.492,0.2595,0.3375
27,0,0.55,0.465,0.18,1.2125,0.3245,0.205,0.525
6,1,0.36,0.27,0.09,0.2075,0.098,0.039,0.062
15,2,0.515,0.405,0.145,0.695,0.215,0.1635,0.234
11,0,0.58,0.44,0.125,0.7855,0.363,0.1955,0.195
19,0,0.58,0.44,0.175,1.073,0.4005,0.2345,0.335
9,0,0.495,0.41,0.125,0.7555,0.3355,0.129,0.214
9,2,0.46,0.35,0.125,0.5165,0.1885,0.1145,0.185
17,2,0.575,0.435,0.15,0.805,0.293,0.1625,0.27
10,2,0.585,0.455,0.145,0.953,0.3945,0.2685,0.258
9,1,0.43,0.34,0.12,0.3575,0.151,0.0645,0.1045
11,0,0.635,0.485,0.165,1.2695,0.5635,0.3065,0.3395
9,0,0.53,0.405,0.13,0.6355,0.2635,0.1565,0.185
5,1,0.365,0.255,0.08,0.1985,0.0785,0.0345,0.053
5,1,0.23,0.175,0.065,0.0645,0.026,0.0105,0.02
9,2,0.395,0.305,0.105,0.282,0.0975,0.065,0.096
16,2,0.565,0.465,0.15,1.1285,0.377,0.3525,0.33
10,2,0.445,0.355,0.11,0.4415,0.1805,0.1035,0.1505
12,0,0.605,0.47,0.16,1.0835,0.5405,0.2215,0.275
11,0,0.66,0.505,0.185,1.528,0.69,0.3025,0.441
9,0,0.625,0.5,0.165,1.288,0.573,0.3035,0.315
11,2,0.78,0.6,0.21,2.548,1.1945,0.5745,0.6745
11,2,0.58,0.445,0.15,0.9525,0.4315,0.1945,0.287
7,1,0.37,0.29,0.09,0.2445,0.089,0.0655,0.075
8,1,0.425,0.325,0.11,0.405,0.1695,0.092,0.1065
8,2,0.57,0.44,0.095,0.827,0.3395,0.2215,0.235
7,1,0.44,0.33,0.11,0.3705,0.1545,0.084,0.12
16,2,0.515,0.4,0.14,0.7365,0.2955,0.184,0.185
8,1,0.36,0.27,0.09,0.232,0.12,0.0435,0.056
9,2,0.67,0.52,0.19,1.6385,0.8115,0.369,0.391
11,2,0.59,0.44,0.15,0.9555,0.366,0.2425,0.295
9,1,0.455,0.365,0.135,0.441,0.1515,0.1165,0.145
6,1,0.185,0.375,0.12,0.4645,0.196,0.1045,0.15
10,0,0.575,0.46,0.165,0.9575,0.4815,0.1945,0.236
12,2,0.635,0.5,0.17,1.4345,0.611,0.309,0.418
4,1,0.275,0.2,0.055,0.0925,0.038,0.021,0.026
12,2,0.505,0.385,0.15,0.6415,0.246,0.152,0.215
7,2,0.235,0.17,0.055,0.0515,0.018,0.0105,0.0195
13,2,0.655,0.525,0.18,1.402,0.624,0.2935,0.365
12,2,0.59,0.445,0.14,0.931,0.356,0.234,0.28
9,1,0.56,0.455,0.145,0.974,0.547,0.1615,0.235
11,2,0.62,0.48,0.155,1.2555,0.527,0.374,0.3175
9,2,0.6,0.48,0.165,0.9165,0.4135,0.1965,0.2725
9,2,0.625,0.495,0.175,1.2935,0.5805,0.317,0.355
8,0,0.57,0.455,0.15,1.107,0.54,0.255,0.27
8,0,0.53,0.425,0.15,0.8495,0.328,0.232,0.202
11,0,0.75,0.57,0.21,2.236,1.109,0.5195,0.545
11,2,0.75,0.55,0.18,1.893,0.942,0.397,0.445
14,2,0.59,0.45,0.12,0.7485,0.3345,0.1315,0.22
16,0,0.72,0.595,0.225,1.969,0.8045,0.423,0.66
8,1,0.515,0.4,0.14,0.7165,0.3495,0.1595,0.1785
10,0,0.52,0.41,0.125,0.6985,0.2945,0.1625,0.215
9,0,0.595,0.465,0.15,1.0765,0.491,0.22,0.287
9,2,0.385,0.305,0.09,0.2775,0.109,0.0515,0.1
7,1,0.475,0.375,0.115,0.5205,0.233,0.119,0.1455
5,1,0.23,0.17,0.05,0.057,0.026,0.013,0.016
8,1,0.385,0.3,0.09,0.308,0.1525,0.056,0.0835
4,1,0.26,0.205,0.07,0.097,0.0415,0.019,0.0305
9,2,0.63,0.49,0.15,1.1955,0.5845,0.257,0.3
13,0,0.7,0.575,0.205,1.7975,0.7295,0.3935,0.5165
11,1,0.605,0.435,0.13,0.9025,0.432,0.174,0.26
8,1,0.5,0.39,0.12,0.5955,0.2455,0.147,0.173
7,1,0.51,0.405,0.135,0.769,0.3655,0.1585,0.18
8,1,0.385,0.29,0.085,0.2505,0.112,0.061,0.08
9,2,0.67,0.525,0.18,1.4915,0.728,0.343,0.381
7,1,0.36,0.265,0.085,0.1865,0.0675,0.037,0.0615
6,1,0.425,0.325,0.1,0.398,0.1185,0.0645,0.0945
5,1,0.395,0.3,0.09,0.2855,0.1385,0.0625,0.077
5,1,0.215,0.155,0.06,0.0525,0.021,0.0165,0.015
7,1,0.39,0.29,0.09,0.2625,0.117,0.054,0.077
9,2,0.505,0.405,0.11,0.625,0.305,0.16,0.175
7,1,0.335,0.25,0.075,0.1825,0.0705,0.044,0.055
11,2,0.505,0.39,0.105,0.6555,0.2595,0.18,0.19
8,1,0.545,0.43,0.14,0.772,0.289,0.19,0.2615
7,1,0.38,0.285,0.09,0.2305,0.1005,0.039,0.0775
8,2,0.475,0.36,0.14,0.5135,0.241,0.1045,0.155
11,2,0.665,0.515,0.19,1.6385,0.831,0.3575,0.371
12,0,0.565,0.44,0.155,0.9395,0.4275,0.214,0.27
7,1,0.435,0.335,0.11,0.411,0.2025,0.0945,0.1
10,2,0.52,0.395,0.125,0.5815,0.2565,0.1265,0.17
11,2,0.565,0.44,0.115,0.9185,0.404,0.1785,0.29
13,2,0.6,0.485,0.175,1.2675,0.4995,0.2815,0.38
7,1,0.505,0.385,0.12,0.6005,0.239,0.142,0.185
9,0,0.65,0.5,0.185,1.4415,0.741,0.2955,0.341
6,0,0.385,0.3,0.1,0.2725,0.1115,0.057,0.08
11,0,0.64,0.485,0.185,1.4195,0.6735,0.3465,0.3255
6,1,0.3,0.23,0.095,0.1385,0.056,0.0365,0.037
7,1,0.31,0.215,0.075,0.1275,0.0565,0.0275,0.036
13,1,0.615,0.49,0.155,0.9885,0.4145,0.195,0.345
17,1,0.61,0.46,0.17,1.278,0.41,0.257,0.37
7,2,0.53,0.405,0.125,0.6515,0.2715,0.1605,0.186
10,2,0.615,0.455,0.13,0.9685,0.49,0.182,0.2655
5,1,0.275,0.205,0.065,0.101,0.041,0.021,0.034
10,2,0.625,0.48,0.18,1.223,0.565,0.2975,0.3375
9,2,0.44,0.335,0.11,0.394,0.157,0.096,0.122
6,1,0.33,0.265,0.09,0.18,0.068,0.036,0.06
12,2,0.61,0.485,0.175,1.2445,0.544,0.297,0.345
9,0,0.56,0.465,0.16,1.0315,0.432,0.2025,0.337
9,2,0.475,0.37,0.125,0.537,0.222,0.1215,0.15
6,1,0.19,0.13,0.03,0.0295,0.0155,0.015,0.01
19,0,0.705,0.555,0.2,1.4685,0.4715,0.3235,0.52
8,1,0.405,0.31,0.11,0.91,0.416,0.2075,0.0995
8,1,0.42,0.32,0.1,0.34,0.1745,0.05,0.0945
7,1,0.385,0.295,0.085,0.2535,0.103,0.0575,0.085
10,2,0.555,0.405,0.19,1.406,0.6115,0.342,0.389
5,1,0.275,0.2,0.065,0.092,0.0385,0.0235,0.027
11,0,0.67,0.515,0.17,1.4265,0.6605,0.3395,0.37
11,0,0.64,0.485,0.145,1.1335,0.5525,0.2505,0.3015
7,1,0.36,0.275,0.075,0.2205,0.0985,0.044,0.066
9,2,0.64,0.485,0.16,1.006,0.456,0.2245,0.2835
10,2,0.61,0.46,0.16,1.0,0.494,0.197,0.275
10,2,0.62,0.51,0.175,1.2815,0.5715,0.2385,0.39
6,1,0.55,0.45,0.13,0.804,0.3375,0.1405,0.23
7,1,0.34,0.25,0.075,0.1765,0.0785,0.0405,0.05
11,2,0.64,0.525,0.185,1.707,0.763,0.4205,0.4435
8,1,0.455,0.335,0.105,0.4055,0.175,0.092,0.1185
8,1,0.475,0.355,0.105,0.468,0.201,0.1115,0.12
6,1,0.4,0.3,0.11,0.2985,0.1375,0.071,0.075
10,2,0.6,0.47,0.16,1.012,0.441,0.2015,0.305
5,1,0.18,0.135,0.08,0.033,0.0145,0.007,0.01
15,2,0.495,0.4,0.14,0.7775,0.2015,0.18,0.25
11,1,0.605,0.485,0.15,1.238,0.6315,0.226,0.33
7,1,0.46,0.345,0.105,0.449,0.196,0.0945,0.1265
9,2,0.53,0.415,0.12,0.706,0.3355,0.1635,0.1345
13,0,0.535,0.45,0.135,0.8075,0.322,0.181,0.25
7,1,0.395,0.31,0.085,0.317,0.153,0.0505,0.0935
9,1,0.485,0.39,0.125,0.591,0.287,0.141,0.12
8,1,0.475,0.365,0.12,0.5185,0.268,0.1095,0.1365
7,1,0.41,0.33,0.105,0.335,0.1525,0.074,0.11
10,2,0.69,0.53,0.19,1.5955,0.678,0.331,0.48
15,0,0.5,0.375,0.14,0.604,0.242,0.1415,0.179
15,2,0.535,0.42,0.16,0.72,0.275,0.164,0.225
12,2,0.65,0.515,0.185,1.3745,0.75,0.1805,0.369
7,1,0.45,0.36,0.13,0.478,0.191,0.127,0.137
13,2,0.71,0.56,0.175,1.724,0.566,0.4575,0.4625
10,2,0.6,0.45,0.195,1.34,0.617,0.3255,0.3605
12,0,0.565,0.44,0.16,0.915,0.354,0.1935,0.32
4,1,0.165,0.115,0.015,0.0145,0.0055,0.003,0.005
7,1,0.435,0.325,0.12,0.346,0.159,0.084,0.095
12,0,0.395,0.3,0.105,0.3375,0.1435,0.0755,0.098
8,1,0.435,0.375,0.11,0.4155,0.17,0.076,0.145
10,0,0.375,0.29,0.115,0.2705,0.093,0.066,0.0885
9,0,0.58,0.46,0.175,1.165,0.65,0.2205,0.3055
4,1,0.21,0.15,0.045,0.04,0.0135,0.008,0.0105
6,2,0.485,0.37,0.13,0.526,0.2485,0.105,0.1555
11,0,0.7,0.575,0.2,1.7365,0.7755,0.3965,0.461
13,0,0.52,0.425,0.145,0.7,0.207,0.1905,0.24
7,1,0.375,0.28,0.08,0.2165,0.0935,0.0925,0.07
10,2,0.615,0.48,0.185,1.2205,0.4985,0.315,0.33
8,0,0.51,0.385,0.135,0.632,0.282,0.145,0.17
20,2,0.63,0.515,0.165,1.352,0.488,0.349,0.45
6,1,0.295,0.22,0.07,0.1365,0.0575,0.0295,0.035
5,1,0.285,0.22,0.065,0.096,0.0405,0.0205,0.03
10,2,0.66,0.495,0.195,1.6275,0.594,0.3595,0.485
9,2,0.685,0.545,0.205,1.7925,0.8145,0.416,0.461
11,0,0.44,0.345,0.105,0.4285,0.165,0.083,0.132
7,2,0.38,0.235,0.1,0.258,0.1055,0.054,0.08
9,1,0.42,0.305,0.11,0.28,0.094,0.0785,0.0955
9,1,0.52,0.395,0.135,0.633,0.2985,0.1295,0.175
9,2,0.59,0.5,0.15,1.142,0.485,0.265,0.345
5,1,0.24,0.175,0.055,0.0705,0.025,0.014,0.021
13,0,0.59,0.485,0.205,1.2315,0.4525,0.238,0.42
15,2,0.53,0.435,0.16,0.883,0.316,0.164,0.335
8,0,0.58,0.48,0.18,1.2495,0.4945,0.27,0.371
12,1,0.435,0.335,0.11,0.383,0.1555,0.0675,0.135
9,1,0.44,0.365,0.115,0.501,0.2435,0.084,0.1465
8,1,0.495,0.385,0.125,0.585,0.2755,0.1235,0.165
8,2,0.47,0.375,0.12,0.5805,0.266,0.0935,0.169
10,2,0.53,0.42,0.135,0.675,0.294,0.156,0.1825
11,2,0.535,0.41,0.15,0.8105,0.345,0.187,0.24
11,2,0.6,0.46,0.155,0.6655,0.285,0.149,0.269
7,1,0.455,0.355,0.125,0.5325,0.225,0.126,0.1465
13,2,0.675,0.545,0.185,1.7375,0.876,0.3135,0.469
8,2,0.475,0.36,0.12,0.578,0.2825,0.12,0.17
8,2,0.555,0.435,0.145,0.9205,0.404,0.2275,0.255
8,1,0.45,0.355,0.105,0.4445,0.197,0.093,0.1335
11,2,0.71,0.565,0.2,1.601,0.706,0.321,0.45
12,0,0.72,0.565,0.17,1.613,0.723,0.3255,0.4945
12,2,0.625,0.5,0.18,1.3705,0.645,0.303,0.3705
14,2,0.535,0.41,0.135,0.862,0.2855,0.1525,0.32
11,0,0.495,0.375,0.15,0.597,0.2615,0.135,0.178
12,2,0.68,0.54,0.19,1.623,0.7165,0.354,0.4715
9,1,0.29,0.225,0.075,0.152,0.071,0.059,0.045
13,2,0.62,0.49,0.17,1.2105,0.5185,0.2555,0.335
7,1,0.28,0.2,0.065,0.0895,0.036,0.0185,0.03
7,0,0.525,0.41,0.115,0.7745,0.416,0.163,0.18
11,2,0.65,0.525,0.175,1.5365,0.6865,0.3585,0.405
9,0,0.51,0.37,0.21,1.183,0.508,0.292,0.343
6,2,0.32,0.24,0.08,0.18,0.08,0.0385,0.055
7,1,0.425,0.31,0.09,0.301,0.1385,0.065,0.08
17,2,0.64,0.52,0.2,1.407,0.566,0.304,0.455
9,2,0.55,0.425,0.16,0.793,0.343,0.2035,0.215
8,1,0.42,0.32,0.115,0.409,0.2055,0.0935,0.105
8,1,0.485,0.36,0.12,0.5155,0.2465,0.1025,0.147
11,0,0.61,0.45,0.13,0.8725,0.389,0.1715,0.272
13,0,0.6,0.505,0.19,1.129,0.4385,0.256,0.36
11,0,0.6,0.475,0.155,1.059,0.441,0.19,0.39
9,2,0.47,0.37,0.18,0.51,0.1915,0.1285,0.1625
6,1,0.43,0.325,0.105,0.309,0.119,0.08,0.098
10,0,0.58,0.455,0.12,1.0735,0.479,0.2735,0.265
9,1,0.515,0.36,0.125,0.4725,0.1815,0.125,0.138
8,1,0.545,0.405,0.13,0.658,0.327,0.1445,0.174
16,2,0.64,0.525,0.2,1.3765,0.44,0.3075,0.47
13,0,0.735,0.565,0.225,2.037,0.87,0.5145,0.5675
8,0,0.47,0.375,0.12,0.6015,0.2765,0.1455,0.135
8,2,0.72,0.565,0.145,1.187,0.691,0.1945,0.2685
7,2,0.445,0.32,0.12,0.414,0.199,0.09,0.117
11,2,0.63,0.49,0.155,1.229,0.535,0.29,0.335
12,0,0.565,0.45,0.185,0.9285,0.302,0.1805,0.265
8,0,0.655,0.53,0.165,1.2835,0.583,0.1255,0.4
8,2,0.46,0.36,0.125,0.547,0.2165,0.1105,0.19
9,0,0.635,0.51,0.17,1.2235,0.532,0.271,0.354
6,1,0.38,0.3,0.09,0.277,0.1655,0.0625,0.082
10,2,0.72,0.55,0.205,2.165,1.1055,0.525,0.404
11,1,0.535,0.45,0.17,0.781,0.3055,0.1555,0.295
7,1,0.285,0.225,0.07,0.1005,0.0425,0.0185,0.035
10,2,0.575,0.445,0.145,0.876,0.3795,0.1615,0.27
10,0,0.695,0.535,0.175,1.361,0.5465,0.2815,0.465
11,0,0.595,0.43,0.21,1.5245,0.653,0.396,0.41
11,0,0.505,0.41,0.15,0.644,0.285,0.145,0.21
6,1,0.295,0.22,0.065,0.1295,0.052,0.028,0.035
11,0,0.655,0.545,0.185,1.759,0.6865,0.313,0.547
6,1,0.345,0.275,0.095,0.1995,0.0755,0.0535,0.07
10,0,0.625,0.485,0.165,1.2255,0.5075,0.296,0.36
13,2,0.57,0.42,0.155,1.008,0.377,0.193,0.34
6,1,0.315,0.23,0.0,0.134,0.0575,0.0285,0.3505
12,1,0.415,0.325,0.115,0.3285,0.1405,0.051,0.106
8,1,0.52,0.38,0.13,0.5345,0.2375,0.122,0.1535
8,1,0.485,0.375,0.125,0.562,0.2505,0.1345,0.1525
17,2,0.73,0.595,0.23,2.8255,1.1465,0.419,0.897
11,2,0.645,0.51,0.155,1.539,0.6405,0.3585,0.43
10,0,0.465,0.36,0.12,0.4765,0.192,0.1125,0.16
9,0,0.65,0.5,0.16,1.3825,0.702,0.304,0.3195
10,0,0.575,0.42,0.135,0.857,0.461,0.147,0.2125
8,0,0.6,0.46,0.15,1.235,0.6025,0.274,0.29
8,0,0.63,0.475,0.15,1.072,0.433,0.2975,0.315
9,2,0.525,0.4,0.13,0.622,0.2655,0.147,0.184
7,2,0.44,0.325,0.115,0.39,0.163,0.087,0.113
11,2,0.585,0.45,0.175,1.1275,0.4925,0.262,0.335
13,1,0.48,0.39,0.15,0.6275,0.276,0.134,0.185
16,2,0.595,0.47,0.145,0.991,0.4035,0.1505,0.34
8,1,0.545,0.42,0.165,0.8935,0.4235,0.2195,0.228
6,1,0.405,0.3,0.09,0.2885,0.138,0.0635,0.0765
8,1,0.6,0.48,0.17,0.9175,0.38,0.2225,0.29
5,1,0.3,0.23,0.075,0.15,0.0605,0.042,0.045
11,1,0.47,0.35,0.13,0.466,0.1845,0.099,0.145
19,2,0.525,0.395,0.165,0.782,0.285,0.1405,0.285
7,1,0.28,0.205,0.055,0.1135,0.045,0.0275,0.0335
7,1,0.38,0.28,0.095,0.2885,0.165,0.0435,0.067
8,1,0.425,0.325,0.11,0.317,0.135,0.048,0.09
3,1,0.11,0.09,0.03,0.008,0.0025,0.002,0.003
6,1,0.32,0.235,0.08,0.1485,0.064,0.031,0.045
15,0,0.64,0.54,0.175,1.221,0.51,0.259,0.39
5,1,0.4,0.29,0.1,0.2675,0.1205,0.0605,0.0765
9,0,0.65,0.495,0.16,1.3105,0.577,0.3315,0.355
9,0,0.405,0.325,0.11,0.3555,0.151,0.063,0.117
7,1,0.485,0.375,0.13,0.6025,0.2935,0.1285,0.16
7,1,0.31,0.235,0.075,0.1515,0.056,0.0315,0.05
12,2,0.635,0.525,0.16,1.195,0.5435,0.246,0.335
10,2,0.55,0.405,0.14,0.8025,0.244,0.1635,0.255
10,1,0.515,0.375,0.14,0.6505,0.2495,0.141,0.2215
8,1,0.495,0.375,0.14,0.494,0.181,0.0975,0.191
11,2,0.695,0.54,0.195,1.691,0.768,0.363,0.4755
12,2,0.505,0.4,0.155,0.8415,0.2715,0.1775,0.285
11,0,0.635,0.525,0.18,1.3695,0.634,0.318,0.363
8,1,0.48,0.37,0.12,0.536,0.251,0.114,0.15
10,0,0.505,0.405,0.16,0.6835,0.271,0.145,0.215
16,2,0.535,0.405,0.185,0.8345,0.3175,0.1725,0.29
8,1,0.49,0.4,0.135,0.624,0.3035,0.1285,0.169
11,1,0.62,0.47,0.155,0.966,0.447,0.171,0.284
17,0,0.665,0.535,0.19,1.496,0.5775,0.2815,0.475
15,0,0.6,0.475,0.15,1.0075,0.4425,0.221,0.28
13,1,0.495,0.38,0.145,0.515,0.175,0.098,0.212
12,0,0.61,0.48,0.16,1.234,0.598,0.238,0.315
8,2,0.61,0.49,0.16,1.146,0.597,0.246,0.265
11,1,0.355,0.28,0.1,0.2275,0.0935,0.0455,0.085
7,1,0.32,0.255,0.1,0.1755,0.073,0.0415,0.065
7,1,0.415,0.325,0.1,0.3335,0.1445,0.0715,0.095
14,2,0.58,0.45,0.15,0.927,0.276,0.1815,0.36
7,2,0.43,0.335,0.12,0.397,0.1985,0.0865,0.1035
3,1,0.14,0.105,0.035,0.014,0.0055,0.0025,0.004
8,1,0.48,0.38,0.125,0.6245,0.3395,0.1085,0.1665
11,2,0.735,0.585,0.185,2.124,0.952,0.55,0.5
9,0,0.58,0.425,0.15,0.844,0.3645,0.185,0.2705
4,2,0.245,0.18,0.065,0.0635,0.0245,0.0135,0.02
14,0,0.58,0.45,0.235,1.071,0.3,0.206,0.395
9,1,0.525,0.4,0.145,0.6095,0.248,0.159,0.175
9,0,0.525,0.43,0.135,0.8435,0.4325,0.18,0.1815
4,1,0.225,0.165,0.055,0.059,0.027,0.0125,0.015
10,0,0.575,0.45,0.16,1.068,0.556,0.214,0.2575
5,1,0.205,0.15,0.055,0.042,0.0255,0.015,0.012
10,1,0.59,0.475,0.145,0.9745,0.4675,0.207,0.259
6,1,0.43,0.34,0.105,0.4405,0.2385,0.0745,0.1075
8,1,0.295,0.215,0.075,0.116,0.037,0.0295,0.04
10,2,0.5,0.375,0.15,0.636,0.2535,0.145,0.19
12,0,0.61,0.495,0.185,1.1085,0.3705,0.3135,0.33
8,2,0.58,0.45,0.145,1.0025,0.547,0.1975,0.2295
7,0,0.505,0.39,0.125,0.5445,0.246,0.15,0.1405
11,2,0.565,0.39,0.125,0.744,0.352,0.13,0.1685
11,2,0.695,0.55,0.195,1.6645,0.727,0.36,0.445
11,2,0.465,0.35,0.12,0.5205,0.2015,0.1625,0.185
9,0,0.605,0.485,0.16,1.201,0.417,0.2875,0.38
8,2,0.385,0.255,0.1,0.3175,0.137,0.068,0.092
8,2,0.69,0.54,0.185,1.71,0.7725,0.3855,0.4325
9,2,0.615,0.53,0.17,1.12,0.5775,0.2095,0.286
10,2,0.685,0.52,0.165,1.519,0.699,0.3685,0.4
6,1,0.36,0.265,0.085,0.1895,0.0725,0.0515,0.055
9,2,0.65,0.515,0.125,1.1805,0.5235,0.283,0.3275
8,1,0.51,0.385,0.145,0.7665,0.3985,0.14,0.1805
3,1,0.18,0.13,0.045,0.0275,0.0125,0.01,0.009
8,2,0.59,0.45,0.155,0.874,0.369,0.2135,0.24
9,0,0.59,0.465,0.15,1.151,0.613,0.239,0.2515
10,0,0.515,0.415,0.14,0.6935,0.3115,0.152,0.2
8,2,0.6,0.465,0.18,1.193,0.5145,0.315,0.3055
9,2,0.605,0.475,0.175,1.2525,0.5575,0.3055,0.343
11,2,0.575,0.47,0.14,0.8375,0.3485,0.1735,0.24
8,0,0.49,0.355,0.16,0.8795,0.3485,0.215,0.2825
11,0,0.61,0.495,0.16,1.089,0.469,0.198,0.384
11,2,0.6,0.495,0.185,1.1145,0.5055,0.2635,0.367
8,1,0.55,0.435,0.165,0.804,0.34,0.194,0.244
10,2,0.37,0.285,0.1,0.228,0.0675,0.0675,0.081
10,0,0.59,0.455,0.15,0.976,0.465,0.2055,0.2765
11,2,0.58,0.475,0.15,0.97,0.385,0.2165,0.35
8,2,0.6,0.48,0.09,1.05,0.457,0.2685,0.28
8,1,0.475,0.38,0.12,0.441,0.1785,0.0885,0.1505
16,0,0.455,0.35,0.125,0.4485,0.1585,0.102,0.1335
10,0,0.53,0.385,0.125,0.6695,0.289,0.151,0.18
13,0,0.43,0.335,0.12,0.444,0.155,0.1145,0.14
8,0,0.615,0.48,0.16,1.2525,0.585,0.2595,0.33
10,1,0.63,0.475,0.145,1.0605,0.5165,0.2195,0.28
8,1,0.54,0.425,0.135,0.686,0.3475,0.1545,0.213
8,1,0.425,0.34,0.1,0.371,0.15,0.0865,0.115
6,1,0.35,0.25,0.07,0.1605,0.0715,0.0335,0.046
7,1,0.39,0.3,0.095,0.3265,0.1665,0.0575,0.089
10,0,0.6,0.45,0.14,0.837,0.37,0.177,0.2425
4,1,0.2,0.145,0.05,0.036,0.0125,0.008,0.011
8,2,0.56,0.415,0.13,0.7615,0.3695,0.17,0.1955
10,2,0.605,0.47,0.18,1.1155,0.479,0.2565,0.321
11,2,0.63,0.505,0.15,1.3165,0.6325,0.2465,0.37
9,2,0.51,0.405,0.13,0.7175,0.3725,0.158,0.17
9,2,0.595,0.475,0.14,0.944,0.3625,0.189,0.315
7,1,0.455,0.335,0.135,0.501,0.274,0.0995,0.1065
14,0,0.635,0.51,0.175,1.2125,0.5735,0.261,0.36
11,0,0.72,0.59,0.205,1.7495,0.7755,0.4225,0.48
11,1,0.555,0.46,0.145,0.9005,0.3845,0.158,0.2765
9,2,0.475,0.355,0.125,0.4625,0.186,0.107,0.145
10,2,0.57,0.435,0.145,0.9055,0.3925,0.2355,0.275
8,1,0.475,0.375,0.11,0.494,0.211,0.109,0.1545
15,2,0.49,0.39,0.135,0.592,0.242,0.096,0.1835
13,1,0.44,0.34,0.125,0.4895,0.1735,0.0875,0.2
8,0,0.53,0.405,0.15,0.889,0.4055,0.2275,0.215
11,0,0.63,0.515,0.16,1.336,0.553,0.3205,0.35
9,0,0.625,0.5,0.175,1.273,0.564,0.302,0.374
8,1,0.5,0.385,0.12,0.516,0.197,0.1305,0.165
10,0,0.62,0.5,0.15,1.293,0.596,0.3135,0.354
18,1,0.65,0.525,0.18,1.626,0.597,0.3445,0.53
10,2,0.485,0.37,0.14,0.5725,0.204,0.1415,0.175
14,0,0.57,0.455,0.165,1.0595,0.44,0.2195,0.285
4,1,0.245,0.205,0.06,0.0765,0.034,0.014,0.0215
10,1,0.55,0.445,0.11,0.7935,0.378,0.142,0.26
10,2,0.62,0.465,0.145,0.911,0.375,0.2145,0.278
8,1,0.4,0.315,0.09,0.3245,0.151,0.073,0.088
10,1,0.52,0.4,0.13,0.5825,0.233,0.1365,0.18
9,2,0.65,0.51,0.155,1.407,0.7215,0.298,0.335
9,2,0.425,0.33,0.13,0.4405,0.152,0.0935,0.155
8,0,0.37,0.275,0.08,0.227,0.093,0.0625,0.07
13,2,0.555,0.425,0.13,0.7665,0.264,0.168,0.275
7,2,0.465,0.36,0.115,0.5795,0.295,0.1395,0.12
8,0,0.625,0.49,0.175,1.1075,0.4485,0.2165,0.3595
8,2,0.61,0.48,0.15,1.1495,0.564,0.274,0.264
13,2,0.62,0.475,0.185,1.325,0.6045,0.325,0.33
10,0,0.54,0.385,0.14,0.7655,0.3265,0.116,0.2365
10,0,0.38,0.325,0.11,0.3105,0.12,0.074,0.105
6,0,0.465,0.35,0.125,0.482,0.23,0.106,0.1095
8,1,0.545,0.43,0.13,0.7595,0.358,0.153,0.2055
